Workbook

Sheet 日別業務一覧
A1: 日別業務一覧（条文対応版） 令和8年9月分（9月28日～9月30日）
A2: 業務番号：丹後７府民協働第１４９９の２号の２の１他1件 業務名：管内一円 府民協働型インフラ保全業務委託 他１件
A3: 出典：業務処理結果報告書 №120～№122。条文は現場技術業務委託共通仕様書（京都府）。
A5: No. | B5: 開始時刻 | C5: 業務区分 | D5: 実施内容 | E5: 対象工事 | F5: 相手先 | G5: 担当監督員 | H5: 条文番号 | I5: 見出し | J5: 備考
A6: 9月28日（月） 業務処理結果報告書 №120 天候：雨 勤務時間 8:30～17:30
A7: 1 | B7: AM8:30 | C7: 打合せ・報告 | D7: 業務内容打合せ | E7: ― | F7: ― | G7: 乾技師/倉垣副主査 | H7: 第5条 | I7: =INDEX(条文マスタ!$C$2:$C$21,MATCH(H7,条文マスタ!$A$2:$A$21,0)) -> 業務処理予定表及び結果報告書
A8: 2 | B8: AM9:00 | C8: 執務室業務 | D8: 成願寺川浚渫 施工計画書点検（サンキ工業） | E8: 管内一円（成願寺川）緊急浚渫推進（砂防）工事 | F8: ― | G8: 小林主査 | H8: 第7条 | I8: =INDEX(条文マスタ!$C$2:$C$21,MATCH(H8,条文マスタ!$A$2:$A$21,0)) -> 書類の確認
A9: 3 | B9: AM11:00 | C9: 執務室業務 | D9: 現場技術業務 検査資料取り纏め | E9: 現場技術業務 | F9: ― | G9: 小林主査 | H9: 第3条第3項(6) | I9: =INDEX(条文マスタ!$C$2:$C$21,MATCH(H9,条文マスタ!$A$2:$A$21,0)) -> 管理技術者等（図書の整理）
A10: 4 | B10: PM1:00 | C10: 河川砂防課 | D10: 【河川砂防課】河梨川他インフラ 完成図書下検査（西田建設） | E10: 管内一円（河梨川他）府民協働型インフラ保全工事 | F10: ― | G10: 倉垣副主査 | H10: 第14条 | I10: =INDEX(条文マスタ!$C$2:$C$21,MATCH(H10,条文マスタ!$A$2:$A$21,0)) -> 検査の立会 | J10: 実施場所：河川砂防課
A11: 5 | B11: PM2:00 | C11: 執務室業務 | D11: 現場技術業務 検査資料取り纏め | E11: 現場技術業務 | F11: ― | G11: 小林主査 | H11: 第3条第3項(6) | I11: =INDEX(条文マスタ!$C$2:$C$21,MATCH(H11,条文マスタ!$A$2:$A$21,0)) -> 管理技術者等（図書の整理）
A12: 6 | B12: PM4:00 | C12: 打合せ・報告 | D12: 業務処理結果報告書作成 | E12: ― | F12: ― | G12: ― | H12: 第5条 | I12: =INDEX(条文マスタ!$C$2:$C$21,MATCH(H12,条文マスタ!$A$2:$A$21,0)) -> 業務処理予定表及び結果報告書
A13: 7 | B13: PM5:10 | C13: 打合せ・報告 | D13: 翌日作業打合せ | E13: ― | F13: ― | G13: 倉垣副主査 | H13: 第5条 | I13: =INDEX(条文マスタ!$C$2:$C$21,MATCH(H13,条文マスタ!$A$2:$A$21,0)) -> 業務処理予定表及び結果報告書
A14: 9月29日（火） 業務処理結果報告書 №121 天候：雨/曇り 勤務時間 8:30～17:30
A15: 1 | B15: AM8:30 | C15: 工事関係 | D15: 工事初回打合せ | E15: 竹野川（小西川）広域河川改修（補正・防災安全）工事 | F15: ㈱丸正組 | G15: 倉垣副主査 | H15: 第3条第3項(4) | I15: =INDEX(条文マスタ!$C$2:$C$21,MATCH(H15,条文マスタ!$A$2:$A$21,0)) -> 管理技術者等（工事請負者等への連絡・通知） | J15: 実施場所：河川砂防課（確認済み）
A16: 2 | B16: AM9:00 | C16: 打合せ・報告 | D16: 業務内容打合せ | E16: ― | F16: ― | G16: 小林主査 | H16: 第5条 | I16: =INDEX(条文マスタ!$C$2:$C$21,MATCH(H16,条文マスタ!$A$2:$A$21,0)) -> 業務処理予定表及び結果報告書
A17: 3 | B17: AM10:00 | C17: 工事関係 | D17: 竣工検査立会（書面） | E17: 管内一円（河梨川他）府民協働型インフラ保全工事 | F17: 常本検査官 / 西田建設㈱ | G17: 倉垣副主査 | H17: 第14条 | I17: =INDEX(条文マスタ!$C$2:$C$21,MATCH(H17,条文マスタ!$A$2:$A$21,0)) -> 検査の立会
A18: 4 | B18: PM2:00 | C18: 工事関係 | D18: 竣工検査立会（現場） | E18: 管内一円（河梨川他）府民協働型インフラ保全工事 | F18: 常本検査官 / 西田建設㈱ | G18: 倉垣副主査 | H18: 第14条 | I18: =INDEX(条文マスタ!$C$2:$C$21,MATCH(H18,条文マスタ!$A$2:$A$21,0)) -> 検査の立会
A19: 5 | B19: PM4:00 | C19: 打合せ・報告 | D19: 業務処理結果報告書作成 | E19: ― | F19: ― | G19: ― | H19: 第5条 | I19: =INDEX(条文マスタ!$C$2:$C$21,MATCH(H19,条文マスタ!$A$2:$A$21,0)) -> 業務処理予定表及び結果報告書
A20: 6 | B20: PM5:10 | C20: 打合せ・報告 | D20: 翌日作業打合せ | E20: ― | F20: ― | G20: 小林主査 | H20: 第5条 | I20: =INDEX(条文マスタ!$C$2:$C$21,MATCH(H20,条文マスタ!$A$2:$A$21,0)) -> 業務処理予定表及び結果報告書
A21: 9月30日（水） 業務処理結果報告書 №122 天候：晴れ 勤務時間 8:30～17:30
A22: 1 | B22: AM8:30 | C22: 打合せ・報告 | D22: 業務内容打合せ | E22: ― | F22: ― | G22: 小林主査 | H22: 第5条 | I22: =INDEX(条文マスタ!$C$2:$C$21,MATCH(H22,条文マスタ!$A$2:$A$21,0)) -> 業務処理予定表及び結果報告書
A23: 2 | B23: AM9:00 | C23: 執務室業務 | D23: 竹野川（小西川）広域河川改修 着手前資料作成 | E23: 竹野川（小西川）広域河川改修（補正・防災安全）工事 | F23: ― | G23: 倉垣副主査 | H23: 第16条 | I23: =INDEX(条文マスタ!$C$2:$C$21,MATCH(H23,条文マスタ!$A$2:$A$21,0)) -> 対外接渉に関する資料
A24: 3 | B24: PM1:00 | C24: 執務室業務 | D24: 竹野川（小西川）広域河川改修 着手前資料作成 | E24: 竹野川（小西川）広域河川改修（補正・防災安全）工事 | F24: ― | G24: 倉垣副主査 | H24: 第16条 | I24: =INDEX(条文マスタ!$C$2:$C$21,MATCH(H24,条文マスタ!$A$2:$A$21,0)) -> 対外接渉に関する資料
A25: 4 | B25: PM4:30 | C25: 打合せ・報告 | D25: 業務処理結果報告書作成 | E25: ― | F25: ― | G25: ― | H25: 第5条 | I25: =INDEX(条文マスタ!$C$2:$C$21,MATCH(H25,条文マスタ!$A$2:$A$21,0)) -> 業務処理予定表及び結果報告書
A26: 5 | B26: PM5:10 | C26: 打合せ・報告 | D26: 翌日作業打合せ | E26: ― | F26: ― | G26: 小林主査 | H26: 第5条 | I26: =INDEX(条文マスタ!$C$2:$C$21,MATCH(H26,条文マスタ!$A$2:$A$21,0)) -> 業務処理予定表及び結果報告書
A28: 条文別件数（3日間）
A29: 条文番号 | D29: 見出し | E29: 9/28 | F29: 9/29 | G29: 9/30 | H29: 計
A30: 第3条第3項(4) | D30: =INDEX(条文マスタ!$C$2:$C$21,MATCH(A30,条文マスタ!$A$2:$A$21,0)) -> 管理技術者等（工事請負者等への連絡・通知） | E30: =COUNTIF($H$7:$H$13,$A30) -> 0 | F30: =COUNTIF($H$15:$H$20,$A30) -> 1 | G30: =COUNTIF($H$22:$H$26,$A30) -> 0 | H30: =SUM(E30:G30) -> 1
A31: 第3条第3項(6) | D31: =INDEX(条文マスタ!$C$2:$C$21,MATCH(A31,条文マスタ!$A$2:$A$21,0)) -> 管理技術者等（図書の整理） | E31: =COUNTIF($H$7:$H$13,$A31) -> 2 | F31: =COUNTIF($H$15:$H$20,$A31) -> 0 | G31: =COUNTIF($H$22:$H$26,$A31) -> 0 | H31: =SUM(E31:G31) -> 2
A32: 第5条 | D32: =INDEX(条文マスタ!$C$2:$C$21,MATCH(A32,条文マスタ!$A$2:$A$21,0)) -> 業務処理予定表及び結果報告書 | E32: =COUNTIF($H$7:$H$13,$A32) -> 3 | F32: =COUNTIF($H$15:$H$20,$A32) -> 3 | G32: =COUNTIF($H$22:$H$26,$A32) -> 3 | H32: =SUM(E32:G32) -> 9
A33: 第7条 | D33: =INDEX(条文マスタ!$C$2:$C$21,MATCH(A33,条文マスタ!$A$2:$A$21,0)) -> 書類の確認 | E33: =COUNTIF($H$7:$H$13,$A33) -> 1 | F33: =COUNTIF($H$15:$H$20,$A33) -> 0 | G33: =COUNTIF($H$22:$H$26,$A33) -> 0 | H33: =SUM(E33:G33) -> 1
A34: 第14条 | D34: =INDEX(条文マスタ!$C$2:$C$21,MATCH(A34,条文マスタ!$A$2:$A$21,0)) -> 検査の立会 | E34: =COUNTIF($H$7:$H$13,$A34) -> 1 | F34: =COUNTIF($H$15:$H$20,$A34) -> 2 | G34: =COUNTIF($H$22:$H$26,$A34) -> 0 | H34: =SUM(E34:G34) -> 3
A35: 第16条 | D35: =INDEX(条文マスタ!$C$2:$C$21,MATCH(A35,条文マスタ!$A$2:$A$21,0)) -> 対外接渉に関する資料 | E35: =COUNTIF($H$7:$H$13,$A35) -> 0 | F35: =COUNTIF($H$15:$H$20,$A35) -> 0 | G35: =COUNTIF($H$22:$H$26,$A35) -> 2 | H35: =SUM(E35:G35) -> 2
A36: 合計 | E36: =SUM(E30:E35) -> 7 | F36: =SUM(F30:F35) -> 6 | G36: =SUM(G30:G35) -> 5 | H36: =SUM(H30:H35) -> 18
A38: ※ 日常定型業務（業務内容打合せ・翌日作業打合せ・報告書作成）も1件ずつ記載し、第5条（業務処理予定表及び結果報告書）に対応させた。
A39: ※ H列「条文番号」（青字）を書き換えると、見出しと条文別件数に反映される。

Sheet 条文マスタ
A1: 条文番号 | B1: 章 | C1: 見出し | D1: 条文要旨
A2: 第3条第3項(1) | B2: 第1章 総則 | C2: 管理技術者等（監督に関する業務の厳正な実施） | D2: 必要な監督に関する業務を厳正に実施すること。
A3: 第3条第3項(4) | B3: 第1章 総則 | C3: 管理技術者等（工事請負者等への連絡・通知） | D3: 工事請負者又は外部への連絡若しくは通知を行う場合には、その内容を相手に正確に伝えること。
A4: 第3条第3項(5) | B4: 第1章 総則 | C4: 管理技術者等（設計図書の理解・現場状況の精通） | D4: 請負工事の契約書及び設計図書等の内容を十分理解し、更に工事現場の状況についても精通しておくこと。
A5: 第3条第3項(6) | B5: 第1章 総則 | C5: 管理技術者等（図書の整理） | D5: 業務の実施にあたっては、業務に関する図書を適切に整理しておくこと。
A6: 第3条第4項 | B6: 第1章 総則 | C6: 管理技術者等（監督職員との打合せ・協議） | D6: 管理技術者は、特記仕様書に定めるところにより監督職員と打合せ・協議を行い、その結果について相互に確認する（特記仕様書：着手時及び最終時の計2回）。
A7: 第5条 | B7: 第1章 総則 | C7: 業務処理予定表及び結果報告書 | D7: 業務処理予定表及び業務処理結果報告書（実施した業務の内容、その他必要事項）を作成し、監督職員に提出する。
A8: 第6条 | B8: 第1章 総則 | C8: 業務完了時の提出書類 | D8: 業務完了時に、業務処理結果報告書を一括整理して提出する。
A9: 第7条 | B9: 第2章 監督に関する現場技術業務 | C9: 書類の確認 | D9: 工事請負者から提出された書類は、これを確認し監督職員に報告しなければならない。
A10: 第8条 | B10: 第2章 監督に関する現場技術業務 | C10: 立会 | D10: 設計図書に基づき立会いを行った場合は、その結果を書面で監督職員に報告する。
A11: 第9条 | B11: 第2章 監督に関する現場技術業務 | C11: 検測 | D11: 請負工事の施工が設計図書に示す所定の出来形及び品質を確保するため現地で検測を行い、その成果を監督職員に提出する。
A12: 第10条 | B12: 第2章 監督に関する現場技術業務 | C12: 材料検査 | D12: 材料検査を実施したときは、検査年月日・品名・寸法等・検査数量・検査結果及び合格数量等を付記して監督職員に提出する。
... A21: 第20条 | B21: 第3章 設計に関する現場技術業務 | C21: 設計に必要な資料 | D21: 設計に必要な図面、数量取りまとめ、各種データの作成等を、事前に監督職員と協議の上行い、結果を書面で提出する。
