Workbook

Sheet 目次
A1: 現場技術業務 検査受検資料 目次
A2: 令和8年7月分
A4: 業務番号 | C4: 丹後７府民協働第１４９９の２号の２の１他1件
A5: 業務名 | C5: 管内一円 府民協働型インフラ保全業務委託 他１件
A6: 対象期間 | C6: 令和8年7月1日（水）～ 令和8年7月31日（金） 履行日数 22日（業務処理結果報告書 №62～№83）
A7: 適用仕様書 | C7: 現場技術業務委託共通仕様書（京都府）及び 現場技術業務 特記仕様書
A9: １．資料構成
A10: No. | B10: 資料名 | E10: 内容 | H10: 備考
A11: 1 | B11: 目次 | E11: 本表
A12: 2 | B12: 条文別整理表 | E12: 業務処理結果報告書の実施業務を共通仕様書の条文別に整理
A13: 3 | B13: 条文別集計 | E13: 条文別・実施日別の件数集計
A14: 4 | B14: 条文マスタ | E14: 現場技術業務委託共通仕様書 条文一覧・要旨
A15: 5 | B15: 業務処理結果報告書 | E15: 令和8年7月1日～7月31日（№62～№83、22日分） | H15: 別綴り（日報原本）
A17: ２．条文別索引（条文別整理表）
A18: 条文番号 | B18: 見出し | C18: 件数 | D18: 実施日数 | E18: 実施日 | F18: 該当 業務処理結果報告書№ | G18: 整理表 頁 | H18: 備考
A19: 第3条第3項(1) | B19: =INDEX(条文マスタ!$C$5:$C$24,MATCH($A19,条文マスタ!$A$5:$A$24,0)) -> 管理技術者等（監督に関する業務の厳正な実施） | C19: =INDEX(条文別集計!$Z$6:$Z$25,MATCH($A19,条文別集計!$A$6:$A$25,0)) -> 0 | D19: =INDEX(条文別集計!$AA$6:$AA$25,MATCH($A19,条文別集計!$A$6:$A$25,0)) -> 0 | E19: ― | F19: ― | G19: 1 | H19: 当月該当なし
A20: 第3条第3項(4) | B20: =INDEX(条文マスタ!$C$5:$C$24,MATCH($A20,条文マスタ!$A$5:$A$24,0)) -> 管理技術者等（工事請負者等への連絡・通知） | C20: =INDEX(条文別集計!$Z$6:$Z$25,MATCH($A20,条文別集計!$A$6:$A$25,0)) -> 0 | D20: =INDEX(条文別集計!$AA$6:$AA$25,MATCH($A20,条文別集計!$A$6:$A$25,0)) -> 0 | E20: ― | F20: ― | G20: 1 | H20: 当月該当なし
A21: 第3条第3項(5) | B21: =INDEX(条文マスタ!$C$5:$C$24,MATCH($A21,条文マスタ!$A$5:$A$24,0)) -> 管理技術者等（設計図書の理解・現場状況の精通） | C21: =INDEX(条文別集計!$Z$6:$Z$25,MATCH($A21,条文別集計!$A$6:$A$25,0)) -> 1 | D21: =INDEX(条文別集計!$AA$6:$AA$25,MATCH($A21,条文別集計!$A$6:$A$25,0)) -> 1 | E21: 7/7 | F21: №66 | G21: 1
A22: 第3条第3項(6) | B22: =INDEX(条文マスタ!$C$5:$C$24,MATCH($A22,条文マスタ!$A$5:$A$24,0)) -> 管理技術者等（図書の整理） | C22: =INDEX(条文別集計!$Z$6:$Z$25,MATCH($A22,条文別集計!$A$6:$A$25,0)) -> 7 | D22: =INDEX(条文別集計!$AA$6:$AA$25,MATCH($A22,条文別集計!$A$6:$A$25,0)) -> 4 | E22: 7/1、7/2、7/6、7/7 | F22: №62、№63、№65、№66 | G22: 1
A23: 第3条第4項 | B23: =INDEX(条文マスタ!$C$5:$C$24,MATCH($A23,条文マスタ!$A$5:$A$24,0)) -> 管理技術者等（監督職員との打合せ・協議） | C23: =INDEX(条文別集計!$Z$6:$Z$25,MATCH($A23,条文別集計!$A$6:$A$25,0)) -> 0 | D23: =INDEX(条文別集計!$AA$6:$AA$25,MATCH($A23,条文別集計!$A$6:$A$25,0)) -> 0 | E23: ― | F23: ― | G23: 1 | H23: 当月該当なし
A24: 第5条 | B24: =INDEX(条文マスタ!$C$5:$C$24,MATCH($A24,条文マスタ!$A$5:$A$24,0)) -> 業務処理予定表及び結果報告書 | C24: =INDEX(条文別集計!$Z$6:$Z$25,MATCH($A24,条文別集計!$A$6:$A$25,0)) -> 22 | D24: =INDEX(条文別集計!$AA$6:$AA$25,MATCH($A24,条文別集計!$A$6:$A$25,0)) -> 22 | E24: 全履行日（22日） | F24: №62～№83 | G24: 1
A25: 第6条 | B25: =INDEX(条文マスタ!$C$5:$C$24,MATCH($A25,条文マスタ!$A$5:$A$24,0)) -> 業務完了時の提出書類 | C25: =INDEX(条文別集計!$Z$6:$Z$25,MATCH($A25,条文別集計!$A$6:$A$25,0)) -> 0 | D25: =INDEX(条文別集計!$AA$6:$AA$25,MATCH($A25,条文別集計!$A$6:$A$25,0)) -> 0 | E25: ― | F25: ― | G25: 2 | H25: 当月該当なし
A26: 第7条 | B26: =INDEX(条文マスタ!$C$5:$C$24,MATCH($A26,条文マスタ!$A$5:$A$24,0)) -> 書類の確認 | C26: =INDEX(条文別集計!$Z$6:$Z$25,MATCH($A26,条文別集計!$A$6:$A$25,0)) -> 2 | D26: =INDEX(条文別集計!$AA$6:$AA$25,MATCH($A26,条文別集計!$A$6:$A$25,0)) -> 2 | E26: 7/21、7/23 | F26: №75、№77 | G26: 2
A27: 第8条 | B27: =INDEX(条文マスタ!$C$5:$C$24,MATCH($A27,条文マスタ!$A$5:$A$24,0)) -> 立会 | C27: =INDEX(条文別集計!$Z$6:$Z$25,MATCH($A27,条文別集計!$A$6:$A$25,0)) -> 8 | D27: =INDEX(条文別集計!$AA$6:$AA$25,MATCH($A27,条文別集計!$A$6:$A$25,0)) -> 6 | E27: 7/7、7/8、7/16、7/17、7/23、7/24 | F27: №66、№67、№73、№74、№77、№78 | G27: 2
A28: 第9条 | B28: =INDEX(条文マスタ!$C$5:$C$24,MATCH($A28,条文マスタ!$A$5:$A$24,0)) -> 検測 | C28: =INDEX(条文別集計!$Z$6:$Z$25,MATCH($A28,条文別集計!$A$6:$A$25,0)) -> 0 | D28: =INDEX(条文別集計!$AA$6:$AA$25,MATCH($A28,条文別集計!$A$6:$A$25,0)) -> 0 | E28: ― | F28: ― | G28: 2 | H28: 当月該当なし
A29: 第10条 | B29: =INDEX(条文マスタ!$C$5:$C$24,MATCH($A29,条文マスタ!$A$5:$A$24,0)) -> 材料検査 | C29: =INDEX(条文別集計!$Z$6:$Z$25,MATCH($A29,条文別集計!$A$6:$A$25,0)) -> 0 | D29: =INDEX(条文別集計!$AA$6:$AA$25,MATCH($A29,条文別集計!$A$6:$A$25,0)) -> 0 | E29: ― | F29: ― | G29: 2 | H29: 当月該当なし
A30: 第11条 | B30: =INDEX(条文マスタ!$C$5:$C$24,MATCH($A30,条文マスタ!$A$5:$A$24,0)) -> 工程管理 | C30: =INDEX(条文別集計!$Z$6:$Z$25,MATCH($A30,条文別集計!$A$6:$A$25,0)) -> 3 | D30: =INDEX(条文別集計!$AA$6:$AA$25,MATCH($A30,条文別集計!$A$6:$A$25,0)) -> 3 | E30: 7/1、7/10、7/22 | F30: №62、№69、№76 | G30: 2
A31: 第12条 | B31: =INDEX(条文マスタ!$C$5:$C$24,MATCH($A31,条文マスタ!$A$5:$A$24,0)) -> 品質管理 | C31: =INDEX(条文別集計!$Z$6:$Z$25,MATCH($A31,条文別集計!$A$6:$A$25,0)) -> 0 | D31: =INDEX(条文別集計!$AA$6:$AA$25,MATCH($A31,条文別集計!$A$6:$A$25,0)) -> 0 | E31: ― | F31: ― | G31: 3 | H31: 当月該当なし
A32: 第13条 | B32: =INDEX(条文マスタ!$C$5:$C$24,MATCH($A32,条文マスタ!$A$5:$A$24,0)) -> 図面と現地の不一致等 | C32: =INDEX(条文別集計!$Z$6:$Z$25,MATCH($A32,条文別集計!$A$6:$A$25,0)) -> 0 | D32: =INDEX(条文別集計!$AA$6:$AA$25,MATCH($A32,条文別集計!$A$6:$A$25,0)) -> 0 | E32: ― | F32: ― | G32: 3 | H32: 当月該当なし
A33: 第14条 | B33: =INDEX(条文マスタ!$C$5:$C$24,MATCH($A33,条文マスタ!$A$5:$A$24,0)) -> 検査の立会 | C33: =INDEX(条文別集計!$Z$6:$Z$25,MATCH($A33,条文別集計!$A$6:$A$25,0)) -> 4 | D33: =INDEX(条文別集計!$AA$6:$AA$25,MATCH($A33,条文別集計!$A$6:$A$25,0)) -> 3 | E33: 7/23、7/30、7/31 | F33: №77、№82、№83 | G33: 3
A34: 第15条 | B34: =INDEX(条文マスタ!$C$5:$C$24,MATCH($A34,条文マスタ!$A$5:$A$24,0)) -> 設計変更工事検査等に関する図書 | C34: =INDEX(条文別集計!$Z$6:$Z$25,MATCH($A34,条文別集計!$A$6:$A$25,0)) -> 26 | D34: =INDEX(条文別集計!$AA$6:$AA$25,MATCH($A34,条文別集計!$A$6:$A$25,0)) -> 11 | E34: 7/9、7/15、7/16、7/17、7/21、7/22、7/23、7/27、7/28、7/29、7/31 | F34: №68、№72、№73、№74、№75、№76、№77、№79、№80、№81、№83 | G34: 3
A35: 第16条 | B35: =INDEX(条文マスタ!$C$5:$C$24,MATCH($A35,条文マスタ!$A$5:$A$24,0)) -> 対外接渉に関する資料 | C35: =INDEX(条文別集計!$Z$6:$Z$25,MATCH($A35,条文別集計!$A$6:$A$25,0)) -> 0 | D35: =INDEX(条文別集計!$AA$6:$AA$25,MATCH($A35,条文別集計!$A$6:$A$25,0)) -> 0 | E35: ― | F35: ― | G35: 3 | H35: 当月該当なし
A36: 第17条 | B36: =INDEX(条文マスタ!$C$5:$C$24,MATCH($A36,条文マスタ!$A$5:$A$24,0)) -> 書面での報告 | C36: =INDEX(条文別集計!$Z$6:$Z$25,MATCH($A36,条文別集計!$A$6:$A$25,0)) -> 0 | D36: =INDEX(条文別集計!$AA$6:$AA$25,MATCH($A36,条文別集計!$A$6:$A$25,0)) -> 0 | E36: ― | F36: ― | G36: 3 | H36: 当月該当なし
A37: 第19条 | B37: =INDEX(条文マスタ!$C$5:$C$24,MATCH($A37,条文マスタ!$A$5:$A$24,0)) -> 設計に必要な調査 | C37: =INDEX(条文別集計!$Z$6:$Z$25,MATCH($A37,条文別集計!$A$6:$A$25,0)) -> 15 | D37: =INDEX(条文別集計!$AA$6:$AA$25,MATCH($A37,条文別集計!$A$6:$A$25,0)) -> 8 | E37: 7/3、7/6、7/9、7/10、7/16、7/24、7/30、7/31 | F37: №64、№65、№68、№69、№73、№78、№82、№83 | G37: 3
A38: 第20条 | B38: =INDEX(条文マスタ!$C$5:$C$24,MATCH($A38,条文マスタ!$A$5:$A$24,0)) -> 設計に必要な資料 | C38: =INDEX(条文別集計!$Z$6:$Z$25,MATCH($A38,条文別集計!$A$6:$A$25,0)) -> 9 | D38: =INDEX(条文別集計!$AA$6:$AA$25,MATCH($A38,条文別集計!$A$6:$A$25,0)) -> 5 | E38: 7/8、7/10、7/13、7/14、7/15 | F38: №67、№69、№70、№71、№72 | G38: 4
A39: 合計 | C39: =SUM(C19:C38) -> 97 | D39: =条文別集計!AA26 -> 22
A41: ※ 条文番号をクリックすると「条文別整理表」の該当箇所へ移動。件数・実施日数は「条文別集計」から参照。
A42: ※ 「整理表 頁」は条文別整理表をA4横で印刷した際のページ番号（フッター「条文別整理表 p.○」に対応）。
A43: ※ 日常定型業務（業務内容打合せ・翌日作業打合せ・報告書作成）は第5条に1日1件として計上。

Sheet 条文別整理表
A1: 現場技術業務 検査受検資料 条文別整理表（令和8年7月分）
A3: 業務番号 | C3: 丹後７府民協働第１４９９の２号の２の１他1件
A4: 業務名 | C4: 管内一円 府民協働型インフラ保全業務委託 他１件
A5: 対象期間 | C5: 令和8年7月1日（水）～ 令和8年7月31日（金） 履行日数 22日（業務処理結果報告書 №62～№83）
A6: 適用仕様書 | C6: 現場技術業務委託共通仕様書（京都府）及び 現場技術業務 特記仕様書
A8: 条文番号 | B8: 見出し | C8: No. | D8: 実施日 | E8: 曜 | F8: 開始時刻 | G8: 対象工事・業務 | H8: 実施内容 | I8: 相手先／検査官 | J8: 担当監督員 | K8: 報告書№ | L8: 備考
A9: 第3条第3項(1) | B9: =INDEX(条文マスタ!$C$5:$C$24,MATCH($A9,条文マスタ!$A$5:$A$24,0)) -> 管理技術者等（監督に関する業務の厳正な実施） | G9: =INDEX(条文マスタ!$D$5:$D$24,MATCH($A9,条文マスタ!$A$5:$A$24,0)) -> 必要な監督に関する業務を厳正に実施すること。 | I9: =COUNT($C$10:$C$10)&"件" -> 0件 | J9: 実施日数 | K9: =IF(COUNT($C$10:$C$10)=0,0,SUMPRODUCT(($C$10:$C$10<>"")/COUNTIFS($D$10:$D$10,$D$10:$D$10&"")))&"日" -> 0日
A10: 第3条第3項(1) | H10: 当月該当業務なし
A11: 第3条第3項(4) | B11: =INDEX(条文マスタ!$C$5:$C$24,MATCH($A11,条文マスタ!$A$5:$A$24,0)) -> 管理技術者等（工事請負者等への連絡・通知） | G11: =INDEX(条文マスタ!$D$5:$D$24,MATCH($A11,条文マスタ!$A$5:$A$24,0)) -> 工事請負者又は外部への連絡若しくは通知を行う場合には、その内容を相手に正確に伝えること。 | I11: =COUNT($C$12:$C$12)&"件" -> 0件 | J11: 実施日数 | K11: =IF(COUNT($C$12:$C$12)=0,0,SUMPRODUCT(($C$12:$C$12<>"")/COUNTIFS($D$12:$D$12,$D$12:$D$12&"")))&"日" -> 0日
A12: 第3条第3項(4) | H12: 当月該当業務なし
A13: 第3条第3項(5) | B13: =INDEX(条文マスタ!$C$5:$C$24,MATCH($A13,条文マスタ!$A$5:$A$24,0)) -> 管理技術者等（設計図書の理解・現場状況の精通） | G13: =INDEX(条文マスタ!$D$5:$D$24,MATCH($A13,条文マスタ!$A$5:$A$24,0)) -> 請負工事の契約書及び設計図書等の内容を十分理解し、更に工事現場の状況についても精通しておくこと。 | I13: =COUNT($C$14:$C$14)&"件" -> 1件 | J13: 実施日数 | K13: =IF(COUNT($C$14:$C$14)=0,0,SUMPRODUCT(($C$14:$C$14<>"")/COUNTIFS($D$14:$D$14,$D$14:$D$14&"")))&"日" -> 1日
A14: 第3条第3項(5) | C14: 1 | D14: 46210 | E14: =MID("日月火水木金土",WEEKDAY(D14),1) -> 火 | F14: PM1:00 | G14: 管内一円（河梨川他）府民協働型インフラ保全工事 | H14: 現場状況確認 (久美浜・川上谷川） | I14: 西田建設㈱ | J14: 倉垣副主査 | K14: 66
A15: 第3条第3項(6) | B15: =INDEX(条文マスタ!$C$5:$C$24,MATCH($A15,条文マスタ!$A$5:$A$24,0)) -> 管理技術者等（図書の整理） | G15: =INDEX(条文マスタ!$D$5:$D$24,MATCH($A15,条文マスタ!$A$5:$A$24,0)) -> 業務の実施にあたっては、業務に関する図書を適切に整理しておくこと。 | I15: =COUNT($C$16:$C$22)&"件" -> 7件 | J15: 実施日数 | K15: =IF(COUNT($C$16:$C$22)=0,0,SUMPRODUCT(($C$16:$C$22<>"")/COUNTIFS($D$16:$D$22,$D$16:$D$22&"")))&"日" -> 4日
A16: 第3条第3項(6) | C16: 1 | D16: 46204 | E16: =MID("日月火水木金土",WEEKDAY(D16),1) -> 水 | F16: AM11:30 | G16: 現場技術業務 | H16: 業務検査報告書類取り纏め | K16: 62
A17: 第3条第3項(6) | C17: 2 | D17: 46204 | E17: =MID("日月火水木金土",WEEKDAY(D17),1) -> 水 | F17: PM1:00 | G17: 現場技術業務 | H17: 業務検査報告書類取り纏め | K17: 62
A18: 第3条第3項(6) | C18: 3 | D18: 46205 | E18: =MID("日月火水木金土",WEEKDAY(D18),1) -> 木 | F18: AM9:00 | G18: 現場技術業務 | H18: 業務検査報告書類取り纏め | J18: 小林主査 | K18: 63
A19: 第3条第3項(6) | C19: 4 | D19: 46205 | E19: =MID("日月火水木金土",WEEKDAY(D19),1) -> 木 | F19: PM1:00 | G19: 現場技術業務 | H19: 業務検査報告書類取り纏め | J19: 小林主査 | K19: 63
A20: 第3条第3項(6) | C20: 5 | D20: 46209 | E20: =MID("日月火水木金土",WEEKDAY(D20),1) -> 月 | F20: AM9:00 | G20: 現場技術業務 | H20: 業務報告書修正・点検 | J20: 小林主査 | K20: 65
A21: 第3条第3項(6) | C21: 6 | D21: 46210 | E21: =MID("日月火水木金土",WEEKDAY(D21),1) -> 火 | F21: AM9:00 | G21: 現場技術業務 | H21: 現場技術業務 中間検査：検査官：山本係長 | J21: 小林主査 | K21: 66
A22: 第3条第3項(6) | C22: 7 | D22: 46210 | E22: =MID("日月火水木金土",WEEKDAY(D22),1) -> 火 | F22: AM10:00 | G22: 現場技術業務 | H22: 業務検査指摘項目等取り纏め | K22: 66
A23: 第3条第4項 | B23: =INDEX(条文マスタ!$C$5:$C$24,MATCH($A23,条文マスタ!$A$5:$A$24,0)) -> 管理技術者等（監督職員との打合せ・協議） | G23: =INDEX(条文マスタ!$D$5:$D$24,MATCH($A23,条文マスタ!$A$5:$A$24,0)) -> 管理技術者は、特記仕様書に定めるところにより監督職員と打合せ・協議を行い、その結果について相互に確認する（特記仕様書：着手時及び最終時の計2回）。 | I23: =COUNT($C$24:$C$24)&"件" -> 0件 | J23: 実施日数 | K23: =IF(COUNT($C$24:$C$24)=0,0,SUMPRODUCT(($C$24:$C$24<>"")/COUNTIFS($D$24:$D$24,$D$24:$D$24&"")))&"日" -> 0日
A24: 第3条第4項 | H24: 当月該当業務なし
A25: 第5条 | B25: =INDEX(条文マスタ!$C$5:$C$24,MATCH($A25,条文マスタ!$A$5:$A$24,0)) -> 業務処理予定表及び結果報告書 | G25: =INDEX(条文マスタ!$D$5:$D$24,MATCH($A25,条文マスタ!$A$5:$A$24,0)) -> 業務処理予定表及び業務処理結果報告書（実施した業務の内容、その他必要事項）を作成し、監督職員に提出する。 | I25: =COUNT($C$26:$C$47)&"件" -> 22件 | J25: 実施日数 | K25: =IF(COUNT($C$26:$C$47)=0,0,SUMPRODUCT(($C$26:$C$47<>"")/COUNTIFS($D$26:$D$47,$D$26:$D$47&"")))&"日" -> 22日
A26: 第5条 | C26: 1 | D26: 46204 | E26: =MID("日月火水木金土",WEEKDAY(D26),1) -> 水 | F26: AM8:30 | G26: ― | H26: AM8:30 業務内容打合せ（業務処理予定の確認）、PM4:00 業務処理結果報告書作成、PM5:10 翌日作業打合せ（業務処理予定） | J26: 小林主査 | K26: 62 | L26: 日常定型業務（1日1行に集約）
A27: 第5条 | C27: 2 | D27: 46205 | E27: =MID("日月火水木金土",WEEKDAY(D27),1) -> 木 | F27: AM8:30 | G27: ― | H27: AM8:30 業務内容打合せ（業務処理予定の確認）、PM4:00 業務処理結果報告書作成、PM5:10 翌日作業打合せ（業務処理予定） | J27: 小林主査 | K27: 63 | L27: 日常定型業務（1日1行に集約）
A28: 第5条 | C28: 3 | D28: 46206 | E28: =MID("日月火水木金土",WEEKDAY(D28),1) -> 金 | F28: AM8:30 | G28: ― | H28: AM8:30 業務内容打合せ（業務処理予定の確認）、PM4:00 業務処理結果報告書作成、PM5:10 翌日作業打合せ（業務処理予定） | J28: 乾技師 | K28: 64 | L28: 日常定型業務（1日1行に集約）
A29: 第5条 | C29: 4 | D29: 46209 | E29: =MID("日月火水木金土",WEEKDAY(D29),1) -> 月 | F29: AM8:30 | G29: ― | H29: AM8:30 業務内容打合せ（業務処理予定の確認）、PM4:00 業務処理結果報告書作成、PM5:10 翌日作業打合せ（業務処理予定） | J29: 小林主査 | K29: 65 | L29: 日常定型業務（1日1行に集約）
A30: 第5条 | C30: 5 | D30: 46210 | E30: =MID("日月火水木金土",WEEKDAY(D30),1) -> 火 | F30: PM4:00 | G30: ― | H30: PM4:00 業務処理結果報告書作成、PM5:10 翌日作業打合せ（業務処理予定） | K30: 66 | L30: 日常定型業務（1日1行に集約）
A31: 第5条 | C31: 6 | D31: 46211 | E31: =MID("日月火水木金土",WEEKDAY(D31),1) -> 水 | F31: AM8:30 | G31: ― | H31: AM8:30 業務内容打合せ（業務処理予定の確認）、PM4:30 業務処理結果報告書作成、PM5:10 翌日作業打合せ（業務処理予定） | J31: 小林主査 | K31: 67 | L31: 日常定型業務（1日1行に集約）
A32: 第5条 | C32: 7 | D32: 46212 | E32: =MID("日月火水木金土",WEEKDAY(D32),1) -> 木 | F32: AM8:30 | G32: ― | H32: AM8:30 業務内容打合せ（業務処理予定の確認）、PM4:00 業務処理結果報告書作成、PM5:10 翌日作業打合せ（業務処理予定） | J32: 小林主査 | K32: 68 | L32: 日常定型業務（1日1行に集約）
A33: 第5条 | C33: 8 | D33: 46213 | E33: =MID("日月火水木金土",WEEKDAY(D33),1) -> 金 | F33: AM8:30 | G33: ― | H33: AM8:30 業務内容打合せ（業務処理予定の確認）、PM4:00 業務処理結果報告書作成、PM5:10 翌日作業打合せ（業務処理予定） | J33: 小林主査 | K33: 69 | L33: 日常定型業務（1日1行に集約）
A34: 第5条 | C34: 9 | D34: 46216 | E34: =MID("日月火水木金土",WEEKDAY(D34),1) -> 月 | F34: AM8:30 | G34: ― | H34: AM8:30 業務内容打合せ（業務処理予定の確認）、PM4:00 業務処理結果報告書作成、PM5:10 翌日作業打合せ（業務処理予定） | J34: 小林主査 | K34: 70 | L34: 日常定型業務（1日1行に集約）
A35: 第5条 | C35: 10 | D35: 46217 | E35: =MID("日月火水木金土",WEEKDAY(D35),1) -> 火 | F35: AM8:30 | G35: ― | H35: AM8:30 業務内容打合せ（業務処理予定の確認）、PM4:00 業務処理結果報告書作成、PM5:10 翌日作業打合せ（業務処理予定） | J35: 小林主査 | K35: 71 | L35: 日常定型業務（1日1行に集約）
A36: 第5条 | C36: 11 | D36: 46218 | E36: =MID("日月火水木金土",WEEKDAY(D36),1) -> 水 | F36: AM8:30 | G36: ― | H36: AM8:30 業務内容打合せ（業務処理予定の確認）、PM4:30 業務処理結果報告書作成、PM5:10 翌日作業打合せ（業務処理予定） | J36: 乾技師 | K36: 72 | L36: 日常定型業務（1日1行に集約）
A37: 第5条 | C37: 12 | D37: 46219 | E37: =MID("日月火水木金土",WEEKDAY(D37),1) -> 木 | F37: PM4:00 | G37: ― | H37: PM4:00 業務処理結果報告書作成、PM5:10 翌日作業打合せ（業務処理予定） | K37: 73 | L37: 日常定型業務（1日1行に集約）
A38: 第5条 | C38: 13 | D38: 46220 | E38: =MID("日月火水木金土",WEEKDAY(D38),1) -> 金 | F38: AM8:30 | G38: ― | H38: AM8:30 業務内容打合せ（業務処理予定の確認）、PM4:00 業務処理結果報告書作成、PM5:10 翌日作業打合せ（業務処理予定） | J38: 小林主査 | K38: 74 | L38: 日常定型業務（1日1行に集約）
A39: 第5条 | C39: 14 | D39: 46224 | E39: =MID("日月火水木金土",WEEKDAY(D39),1) -> 火 | F39: AM8:30 | G39: ― | H39: AM8:30 業務内容打合せ（業務処理予定の確認）、PM4:30 業務処理結果報告書作成、PM5:10 翌日作業打合せ（業務処理予定） | J39: 小林主査 | K39: 75 | L39: 日常定型業務（1日1行に集約）
A40: 第5条 | C40: 15 | D40: 46225 | E40: =MID("日月火水木金土",WEEKDAY(D40),1) -> 水 | F40: AM8:30 | G40: ― | H40: AM8:30 業務内容打合せ（業務処理予定の確認）、PM4:30 業務処理結果報告書作成、PM5:10 翌日作業打合せ（業務処理予定） | J40: 小林主査 | K40: 76 | L40: 日常定型業務（1日1行に集約）
A41: 第5条 | C41: 16 | D41: 46226 | E41: =MID("日月火水木金土",WEEKDAY(D41),1) -> 木 | F41: PM4:30 | G41: ― | H41: PM4:30 業務処理結果報告書作成、PM5:10 翌日作業打合せ（業務処理予定） | K41: 77 | L41: 日常定型業務（1日1行に集約）
A42: 第5条 | C42: 17 | D42: 46227 | E42: =MID("日月火水木金土",WEEKDAY(D42),1) -> 金 | F42: AM8:30 | G42: ― | H42: AM8:30 業務内容打合せ（業務処理予定の確認）、PM4:00 業務処理結果報告書作成、PM5:10 翌日作業打合せ（業務処理予定） | J42: 乾技師 | K42: 78 | L42: 日常定型業務（1日1行に集約）
A43: 第5条 | C43: 18 | D43: 46230 | E43: =MID("日月火水木金土",WEEKDAY(D43),1) -> 月 | F43: AM8:30 | G43: ― | H43: AM8:30 業務内容打合せ（業務処理予定の確認）、PM4:00 業務処理結果報告書作成、PM5:10 翌日作業打合せ（業務処理予定） | J43: 倉垣副主査 | K43: 79 | L43: 日常定型業務（1日1行に集約）
A44: 第5条 | C44: 19 | D44: 46231 | E44: =MID("日月火水木金土",WEEKDAY(D44),1) -> 火 | F44: AM8:30 | G44: ― | H44: AM8:30 業務内容打合せ（業務処理予定の確認）、PM4:00 業務処理結果報告書作成、PM5:10 翌日作業打合せ（業務処理予定） | J44: 倉垣副主査 | K44: 80 | L44: 日常定型業務（1日1行に集約）
A45: 第5条 | C45: 20 | D45: 46232 | E45: =MID("日月火水木金土",WEEKDAY(D45),1) -> 水 | F45: AM8:30 | G45: ― | H45: AM8:30 業務内容打合せ（業務処理予定の確認）、PM4:00 業務処理結果報告書作成、PM5:10 翌日作業打合せ（業務処理予定） | J45: 小林主査 | K45: 81 | L45: 日常定型業務（1日1行に集約）
A46: 第5条 | C46: 21 | D46: 46233 | E46: =MID("日月火水木金土",WEEKDAY(D46),1) -> 木 | F46: AM8:30 | G46: ― | H46: AM8:30 業務内容打合せ（業務処理予定の確認）、PM4:30 業務処理結果報告書作成、PM5:10 翌日作業打合せ（業務処理予定） | J46: 小林主査 | K46: 82 | L46: 日常定型業務（1日1行に集約）
A47: 第5条 | C47: 22 | D47: 46234 | E47: =MID("日月火水木金土",WEEKDAY(D47),1) -> 金 | F47: AM8:30 | G47: ― | H47: AM8:30 業務内容打合せ（業務処理予定の確認）、PM4:30 業務処理結果報告書作成、PM5:10 翌日作業打合せ（業務処理予定） | J47: 小林主査 | K47: 83 | L47: 日常定型業務（1日1行に集約）
A48: 第6条 | B48: =INDEX(条文マスタ!$C$5:$C$24,MATCH($A48,条文マスタ!$A$5:$A$24,0)) -> 業務完了時の提出書類 | G48: =INDEX(条文マスタ!$D$5:$D$24,MATCH($A48,条文マスタ!$A$5:$A$24,0)) -> 業務完了時に、業務処理結果報告書を一括整理して提出する。 | I48: =COUNT($C$49:$C$49)&"件" -> 0件 | J48: 実施日数 | K48: =IF(COUNT($C$49:$C$49)=0,0,SUMPRODUCT(($C$49:$C$49<>"")/COUNTIFS($D$49:$D$49,$D$49:$D$49&"")))&"日" -> 0日
A49: 第6条 | H49: 当月該当業務なし
A50: 第7条 | B50: =INDEX(条文マスタ!$C$5:$C$24,MATCH($A50,条文マスタ!$A$5:$A$24,0)) -> 書類の確認 | G50: =INDEX(条文マスタ!$D$5:$D$24,MATCH($A50,条文マスタ!$A$5:$A$24,0)) -> 工事請負者から提出された書類は、これを確認し監督職員に報告しなければならない。 | I50: =COUNT($C$51:$C$52)&"件" -> 2件 | J50: 実施日数 | K50: =IF(COUNT($C$51:$C$52)=0,0,SUMPRODUCT(($C$51:$C$52<>"")/COUNTIFS($D$51:$D$52,$D$51:$D$52&"")))&"日" -> 2日
A51: 第7条 | C51: 1 | D51: 46224 | E51: =MID("日月火水木金土",WEEKDAY(D51),1) -> 火 | F51: PM2:00 | G51: 久僧海岸なぎさ緊急保全工事／管内一円（福田川）府民協働型インフラ保全工事 | H51: 久僧なぎさ、福田川 ASP確認 | J51: 小林主査/倉垣副主査 | K51: 75
A52: 第7条 | C52: 2 | D52: 46226 | E52: =MID("日月火水木金土",WEEKDAY(D52),1) -> 木 | F52: AM11:00 | G52: 管内一円（久住川他）／（福田川）府民協働型インフラ保全工事 | H52: ASP確認（福田川、久住川） | J52: 倉垣副主査/乾技師 | K52: 77
A53: 第8条 | B53: =INDEX(条文マスタ!$C$5:$C$24,MATCH($A53,条文マスタ!$A$5:$A$24,0)) -> 立会 | G53: =INDEX(条文マスタ!$D$5:$D$24,MATCH($A53,条文マスタ!$A$5:$A$24,0)) -> 設計図書に基づき立会いを行った場合は、その結果を書面で監督職員に報告する。 | I53: =COUNT($C$54:$C$61)&"件" -> 8件 | J53: 実施日数 | K53: =IF(COUNT($C$54:$C$61)=0,0,SUMPRODUCT(($C$54:$C$61<>"")/COUNTIFS($D$54:$D$61,$D$54:$D$61&"")))&"日" -> 6日
A54: 第8条 | C54: 1 | D54: 46210 | E54: =MID("日月火水木金土",WEEKDAY(D54),1) -> 火 | F54: PM2:00 | G54: 管内一円（河梨川他）府民協働型インフラ保全工事 | H54: 現場立会 倉垣副主査 (久美浜・川上谷川） | I54: 西田建設㈱ | J54: 倉垣副主査 | K54: 66
A55: 第8条 | C55: 2 | D55: 46211 | E55: =MID("日月火水木金土",WEEKDAY(D55),1) -> 水 | F55: AM9:30 | G55: 竹野川他府民協働型インフラ保全工事 | H55: 確認立会（大宮・三重 竹野川） | I55: ㈱修己建設 | J55: 小林主査 | K55: 67
A56: 第8条 | C56: 3 | D56: 46211 | E56: =MID("日月火水木金土",WEEKDAY(D56),1) -> 水 | F56: AM11:00 | G56: 竹野川他府民協働型インフラ保全工事 | H56: 確認立会（峰山・五箇 鱒留川） | I56: ㈱修己建設 | J56: 小林主査 | K56: 67
A57: 第8条 | C57: 4 | D57: 46219 | E57: =MID("日月火水木金土",WEEKDAY(D57),1) -> 木 | F57: AM9:00 | G57: 管内一円（河梨川他）府民協働型インフラ保全工事 | H57: 確認立会 (久美浜・川上谷川） | I57: 西田建設㈱ | J57: 倉垣副主査 | K57: 73
A58: 第8条 | C58: 5 | D58: 46220 | E58: =MID("日月火水木金土",WEEKDAY(D58),1) -> 金 | F58: PM1:00 | G58: 竹野川他府民協働型インフラ保全工事 | H58: 確認立会（大宮・河辺 残土仮置場） | I58: ㈱修己建設 | J58: 小林主査 | K58: 74
A59: 第8条 | C59: 6 | D59: 46226 | E59: =MID("日月火水木金土",WEEKDAY(D59),1) -> 木 | F59: AM9:00 | G59: 管内一円（河梨川他）府民協働型インフラ保全工事 | H59: 確認立会 (久美浜・川上谷川） | I59: 西田建設㈱ | J59: 倉垣副主査 | K59: 77
A60: 第8条 | C60: 7 | D60: 46227 | E60: =MID("日月火水木金土",WEEKDAY(D60),1) -> 金 | F60: AM9:00 | G60: 竹野川他府民協働型インフラ保全工事 | H60: 確認立会（大宮・三重 竹野川） | I60: ㈱修己建設 | J60: 小林主査 | K60: 78
A61: 第8条 | C61: 8 | D61: 46227 | E61: =MID("日月火水木金土",WEEKDAY(D61),1) -> 金 | F61: AM10:00 | G61: 竹野川他府民協働型インフラ保全工事 | H61: 確認立会（大宮・善王寺 残土処理場） | I61: ㈱修己建設 | J61: 小林主査 | K61: 78
A62: 第9条 | B62: =INDEX(条文マスタ!$C$5:$C$24,MATCH($A62,条文マスタ!$A$5:$A$24,0)) -> 検測 | G62: =INDEX(条文マスタ!$D$5:$D$24,MATCH($A62,条文マスタ!$A$5:$A$24,0)) -> 請負工事の施工が設計図書に示す所定の出来形及び品質を確保するため現地で検測を行い、その成果を監督職員に提出する。 | I62: =COUNT($C$63:$C$63)&"件" -> 0件 | J62: 実施日数 | K62: =IF(COUNT($C$63:$C$63)=0,0,SUMPRODUCT(($C$63:$C$63<>"")/COUNTIFS($D$63:$D$63,$D$63:$D$63&"")))&"日" -> 0日
A63: 第9条 | H63: 当月該当業務なし
A64: 第10条 | B64: =INDEX(条文マスタ!$C$5:$C$24,MATCH($A64,条文マスタ!$A$5:$A$24,0)) -> 材料検査 | G64: =INDEX(条文マスタ!$D$5:$D$24,MATCH($A64,条文マスタ!$A$5:$A$24,0)) -> 材料検査を実施したときは、検査年月日・品名・寸法等・検査数量・検査結果及び合格数量等を付記して監督職員に提出する。 | I64: =COUNT($C$65:$C$65)&"件" -> 0件 | J64: 実施日数 | K64: =IF(COUNT($C$65:$C$65)=0,0,SUMPRODUCT(($C$65:$C$65<>"")/COUNTIFS($D$65:$D$65,$D$65:$D$65&"")))&"日" -> 0日
A65: 第10条 | H65: 当月該当業務なし
A66: 第11条 | B66: =INDEX(条文マスタ!$C$5:$C$24,MATCH($A66,条文マスタ!$A$5:$A$24,0)) -> 工程管理 | G66: =INDEX(条文マスタ!$D$5:$D$24,MATCH($A66,条文マスタ!$A$5:$A$24,0)) -> 請負工事の進捗状況を把握し、工事が遅延するおそれがあれば遅滞なく書面で監督職員に報告する。 | I66: =COUNT($C$67:$C$69)&"件" -> 3件 | J66: 実施日数 | K66: =IF(COUNT($C$67:$C$69)=0,0,SUMPRODUCT(($C$67:$C$69<>"")/COUNTIFS($D$67:$D$69,$D$67:$D$69&"")))&"日" -> 3日
A67: 第11条 | C67: 1 | D67: 46204 | E67: =MID("日月火水木金土",WEEKDAY(D67),1) -> 水 | F67: AM10:00 | G67: 竹野川他府民協働型インフラ保全工事 | H67: 現場進捗状況確認（峰山・五箇 鱒留川） | I67: ㈱修己建設 | J67: 小林主査 | K67: 62
A68: 第11条 | C68: 2 | D68: 46213 | E68: =MID("日月火水木金土",WEEKDAY(D68),1) -> 金 | F68: PM1:00 | G68: 竹野川他府民協働型インフラ保全工事 | H68: 現場進捗状況確認（大宮・三重 竹野川） | I68: ㈱修己建設 | J68: 小林主査 | K68: 69
A69: 第11条 | C69: 3 | D69: 46225 | E69: =MID("日月火水木金土",WEEKDAY(D69),1) -> 水 | F69: AM11:00 | G69: 竹野川他府民協働型インフラ保全工事 | H69: 現場進捗状況確認（大宮・三重 竹野川） | I69: ㈱修己建設 | J69: 小林主査 | K69: 76
A70: 第12条 | B70: =INDEX(条文マスタ!$C$5:$C$24,MATCH($A70,条文マスタ!$A$5:$A$24,0)) -> 品質管理 | G70: =INDEX(条文マスタ!$D$5:$D$24,MATCH($A70,条文マスタ!$A$5:$A$24,0)) -> 工事受注者が仕様書に定められた品質管理試験を忠実に実行しているか確認し、その結果を書面で報告する。 | I70: =COUNT($C$71:$C$71)&"件" -> 0件 | J70: 実施日数 | K70: =IF(COUNT($C$71:$C$71)=0,0,SUMPRODUCT(($C$71:$C$71<>"")/COUNTIFS($D$71:$D$71,$D$71:$D$71&"")))&"日" -> 0日
A71: 第12条 | H71: 当月該当業務なし
A72: 第13条 | B72: =INDEX(条文マスタ!$C$5:$C$24,MATCH($A72,条文マスタ!$A$5:$A$24,0)) -> 図面と現地の不一致等 | G72: =INDEX(条文マスタ!$D$5:$D$24,MATCH($A72,条文マスタ!$A$5:$A$24,0)) -> 設計図書と工事現場の状態の不一致等の通知を受けたときは、遅滞なく書面で監督職員に報告する。 | I72: =COUNT($C$73:$C$73)&"件" -> 0件 | J72: 実施日数 | K72: =IF(COUNT($C$73:$C$73)=0,0,SUMPRODUCT(($C$73:$C$73<>"")/COUNTIFS($D$73:$D$73,$D$73:$D$73&"")))&"日" -> 0日
A73: 第13条 | H73: 当月該当業務なし
A74: 第14条 | B74: =INDEX(条文マスタ!$C$5:$C$24,MATCH($A74,条文マスタ!$A$5:$A$24,0)) -> 検査の立会 | G74: =INDEX(条文マスタ!$D$5:$D$24,MATCH($A74,条文マスタ!$A$5:$A$24,0)) -> 請負工事に係る工事検査及び監督職員が行う検査に立会い、求められる説明に応じる。 | I74: =COUNT($C$75:$C$78)&"件" -> 4件 | J74: 実施日数 | K74: =IF(COUNT($C$75:$C$78)=0,0,SUMPRODUCT(($C$75:$C$78<>"")/COUNTIFS($D$75:$D$78,$D$75:$D$78&"")))&"日" -> 3日
A75: 第14条 | C75: 1 | D75: 46226 | E75: =MID("日月火水木金土",WEEKDAY(D75),1) -> 木 | F75: PM1:30 | G75: 浅茂川海岸なぎさ緊急保全工事 | H75: 工事完成下検査（主任監督員） | I75: ㈱修己建設 | J75: 小林主査 | K75: 77
A76: 第14条 | C76: 2 | D76: 46233 | E76: =MID("日月火水木金土",WEEKDAY(D76),1) -> 木 | F76: AM9:30 | G76: 管内一円（久住川他）府民協働型インフラ保全工事 | H76: 竣工検査立会（書面） 池田検査官 | I76: ㈱藤山工務店 | J76: 乾 技師 | K76: 82
A77: 第14条 | C77: 3 | D77: 46233 | E77: =MID("日月火水木金土",WEEKDAY(D77),1) -> 木 | F77: PM2:00 | G77: 管内一円（久住川他）府民協働型インフラ保全工事 | H77: 竣工検査立会（現場） 池田検査官 | I77: ㈱藤山工務店 | J77: 乾 技師 | K77: 82
A78: 第14条 | C78: 4 | D78: 46234 | E78: =MID("日月火水木金土",WEEKDAY(D78),1) -> 金 | F78: AM9:30 | G78: 管内一円（福田川）府民協働型インフラ保全工事 | H78: 竣工検査立会（書面） 細見検査官 | I78: ㈲戸田建設工業 | J78: 倉垣副主査 | K78: 83
A79: 第15条 | B79: =INDEX(条文マスタ!$C$5:$C$24,MATCH($A79,条文マスタ!$A$5:$A$24,0)) -> 設計変更工事検査等に関する図書 | G79: =INDEX(条文マスタ!$D$5:$D$24,MATCH($A79,条文マスタ!$A$5:$A$24,0)) -> 監督職員と協議のうえ、設計変更、工事完成検査若しくは既済部分検査等に必要な測量、測定又は図書等の資料作成を行う。 | I79: =COUNT($C$80:$C$105)&"件" -> 26件 | J79: 実施日数 | K79: =IF(COUNT($C$80:$C$105)=0,0,SUMPRODUCT(($C$80:$C$105<>"")/COUNTIFS($D$80:$D$105,$D$80:$D$105&"")))&"日" -> 11日
A80: 第15条 | C80: 1 | D80: 46212 | E80: =MID("日月火水木金土",WEEKDAY(D80),1) -> 木 | F80: PM1:00 | G80: 海岸なぎさ緊急保全工事 | H80: 変更設計書確認（海岸なぎさ工事） | J80: 小林主査 | K80: 68
A81: 第15条 | C81: 2 | D81: 46218 | E81: =MID("日月火水木金土",WEEKDAY(D81),1) -> 水 | F81: PM1:00 | G81: 久僧海岸なぎさ緊急保全工事 | H81: 久僧なぎさ工事変更資料点検 | J81: 小林主査 | K81: 72
A82: 第15条 | C82: 3 | D82: 46219 | E82: =MID("日月火水木金土",WEEKDAY(D82),1) -> 木 | F82: PM1:00 | G82: 久僧海岸なぎさ緊急保全工事 | H82: 久僧なぎさ工事変更資料点検 | J82: 小林主査 | K82: 73
A83: 第15条 | C83: 4 | D83: 46220 | E83: =MID("日月火水木金土",WEEKDAY(D83),1) -> 金 | F83: AM9:00 | G83: 浅茂川海岸なぎさ緊急保全工事 | H83: 報告成果品点検（提出書類） | J83: 小林主査 | K83: 74
A84: 第15条 | C84: 5 | D84: 46220 | E84: =MID("日月火水木金土",WEEKDAY(D84),1) -> 金 | F84: PM2:00 | G84: 浅茂川海岸なぎさ緊急保全工事 | H84: 報告成果品点検(提出/提示書類） | J84: 小林主査 | K84: 74
A85: 第15条 | C85: 6 | D85: 46224 | E85: =MID("日月火水木金土",WEEKDAY(D85),1) -> 火 | F85: AM9:00 | G85: 久僧海岸なぎさ緊急保全工事 | H85: 久僧なぎさ工事変更資料再点検 | J85: 小林主査 | K85: 75
A86: 第15条 | C86: 7 | D86: 46224 | E86: =MID("日月火水木金土",WEEKDAY(D86),1) -> 火 | F86: PM1:00 | G86: 久僧海岸なぎさ緊急保全工事 | H86: 久僧なぎさ工事変更資料再点検 | J86: 小林主査 | K86: 75
A87: 第15条 | C87: 8 | D87: 46224 | E87: =MID("日月火水木金土",WEEKDAY(D87),1) -> 火 | F87: PM2:30 | G87: 竹野川他府民協働型インフラ保全工事 | H87: 竹野川他インフラ 変更設計資料点検 | J87: 小林主査 | K87: 75
A88: 第15条 | C88: 9 | D88: 46225 | E88: =MID("日月火水木金土",WEEKDAY(D88),1) -> 水 | F88: AM9:00 | G88: 浅茂川海岸なぎさ緊急保全工事 | H88: 成果品再点検(浅茂川海岸なぎさ緊急保全工事) | J88: 小林主査 | K88: 76
A89: 第15条 | C89: 10 | D89: 46225 | E89: =MID("日月火水木金土",WEEKDAY(D89),1) -> 水 | F89: PM1:00 | G89: 管内一円（久住川他）府民協働型インフラ保全工事 | H89: 成果品再点検(久住川他インフラ工事) | J89: 乾技師 | K89: 76
A90: 第15条 | C90: 11 | D90: 46225 | E90: =MID("日月火水木金土",WEEKDAY(D90),1) -> 水 | F90: PM3:00 | G90: 久僧海岸なぎさ緊急保全工事 | H90: 久僧なぎさ工事変更資料再点検 | J90: 小林主査 | K90: 76
A91: 第15条 | C91: 12 | D91: 46226 | E91: =MID("日月火水木金土",WEEKDAY(D91),1) -> 木 | F91: PM2:30 | G91: 竹野川他府民協働型インフラ保全工事 | H91: 変更設計協議日程調整他 | I91: ㈱修己建設 | J91: 小林主査 | K91: 77
A92: 第15条 | C92: 13 | D92: 46226 | E92: =MID("日月火水木金土",WEEKDAY(D92),1) -> 木 | F92: PM3:00 | G92: 竹野川他府民協働型インフラ保全工事 | H92: 変更資料点検 竹野川他府民インフラ保全工事 | J92: 小林主査 | K92: 77
A93: 第15条 | C93: 14 | D93: 46230 | E93: =MID("日月火水木金土",WEEKDAY(D93),1) -> 月 | F93: AM9:00 | G93: 竹野川他府民協働型インフラ保全工事 | H93: 変更設計資料点検 竹野川他（019佐濃谷川） | J93: 小林主査 | K93: 79
A94: 第15条 | C94: 15 | D94: 46230 | E94: =MID("日月火水木金土",WEEKDAY(D94),1) -> 月 | F94: PM1:00 | G94: 竹野川他府民協働型インフラ保全工事 | H94: 変更設計資料点検 竹野川他（019佐濃谷川） | J94: 小林主査 | K94: 79
A95: 第15条 | C95: 16 | D95: 46230 | E95: =MID("日月火水木金土",WEEKDAY(D95),1) -> 月 | F95: PM2:00 | G95: 竹野川他府民協働型インフラ保全工事 | H95: 変更設計資料点検 竹野川他（062円頓寺川） | J95: 小林主査 | K95: 79
A96: 第15条 | C96: 17 | D96: 46231 | E96: =MID("日月火水木金土",WEEKDAY(D96),1) -> 火 | F96: AM9:00 | G96: 竹野川他府民協働型インフラ保全工事 | H96: 変更設計資料点検 竹野川他（017竹野川） | J96: 小林主査 | K96: 80
A97: 第15条 | C97: 18 | D97: 46231 | E97: =MID("日月火水木金土",WEEKDAY(D97),1) -> 火 | F97: AM10:00 | G97: 管内一円（久住川他）府民協働型インフラ保全工事 | H97: 工事検査打合せ：久住川他インフラ（河川砂防課） | I97: ㈱藤山工務店 | J97: 乾 技師 | K97: 80
A98: 第15条 | C98: 19 | D98: 46231 | E98: =MID("日月火水木金土",WEEKDAY(D98),1) -> 火 | F98: AM10:30 | G98: 管内一円（久住川他）府民協働型インフラ保全工事 | H98: 報告成果品点検（提出書類/ASP確認） | J98: 乾 技師 | K98: 80
A99: 第15条 | C99: 20 | D99: 46231 | E99: =MID("日月火水木金土",WEEKDAY(D99),1) -> 火 | F99: PM1:00 | G99: 管内一円（久住川他）府民協働型インフラ保全工事 | H99: 報告成果品点検（提示/チェックリスト作成） | J99: 乾 技師 | K99: 80
A100: 第15条 | C100: 21 | D100: 46231 | E100: =MID("日月火水木金土",WEEKDAY(D100),1) -> 火 | F100: PM2:00 | G100: 竹野川他府民協働型インフラ保全工事 | H100: 変更設計資料点検 竹野川他（017竹野川） | J100: 小林主査 | K100: 80
A101: 第15条 | C101: 22 | D101: 46231 | E101: =MID("日月火水木金土",WEEKDAY(D101),1) -> 火 | F101: PM4:30 | G101: 管内一円（福田川）府民協働型インフラ保全工事 | H101: 工事検査打合せ：福田川他インフラ（河川砂防課） | I101: ㈲戸田建設工業 | J101: 倉垣副主査 | K101: 80
A102: 第15条 | C102: 23 | D102: 46232 | E102: =MID("日月火水木金土",WEEKDAY(D102),1) -> 水 | F102: AM9:00 | G102: 竹野川他府民協働型インフラ保全工事 | H102: 変更設計資料点検 竹野川他（117鱒留川） | J102: 小林主査 | K102: 81
...

Sheet 条文別集計
A1: 条文別 実施件数集計表（令和8年7月分）
A2: 「条文別整理表」の件数をCOUNTIFSで集計（件数＝整理表の行数）。
A4: 条文番号 | B4: 章 | C4: 見出し | D4: 46204 | E4: 46205 | F4: 46206 | G4: 46209 | H4: 46210 | I4: 46211 | J4: 46212 | K4: 46213 | L4: 46216 | M4: 46217 | N4: 46218 | O4: 46219 | P4: 46220 | Q4: 46224 | R4: 46225 | S4: 46226 | T4: 46227 | U4: 46230 | V4: 46231 | W4: 46232 | X4: 46233 | Y4: 46234 | Z4: 合計件数 | AA4: 実施日数
D5: =MID("日月火水木金土",WEEKDAY(D4),1) -> 水 | E5: =MID("日月火水木金土",WEEKDAY(E4),1) -> 木 | F5: =MID("日月火水木金土",WEEKDAY(F4),1) -> 金 | G5: =MID("日月火水木金土",WEEKDAY(G4),1) -> 月 | H5: =MID("日月火水木金土",WEEKDAY(H4),1) -> 火 | I5: =MID("日月火水木金土",WEEKDAY(I4),1) -> 水 | J5: =MID("日月火水木金土",WEEKDAY(J4),1) -> 木 | K5: =MID("日月火水木金土",WEEKDAY(K4),1) -> 金 | ... Y5: =MID("日月火水木金土",WEEKDAY(Y4),1) -> 金
A6: 第3条第3項(1) | B6: =INDEX(条文マスタ!$B$5:$B$24,MATCH($A6,条文マスタ!$A$5:$A$24,0)) -> 第1章 総則 | C6: =INDEX(条文マスタ!$C$5:$C$24,MATCH($A6,条文マスタ!$A$5:$A$24,0)) -> 管理技術者等（監督に関する業務の厳正な実施） | D6: =COUNTIFS(条文別整理表!$A$9:$A$135,$A6,条文別整理表!$D$9:$D$135,D$4,条文別整理表!$C$9:$C$135,">0") -> 0 | E6: =COUNTIFS(条文別整理表!$A$9:$A$135,$A6,条文別整理表!$D$9:$D$135,E$4,条文別整理表!$C$9:$C$135,">0") -> 0 | F6: =COUNTIFS(条文別整理表!$A$9:$A$135,$A6,条文別整理表!$D$9:$D$135,F$4,条文別整理表!$C$9:$C$135,">0") -> 0 | G6: =COUNTIFS(条文別整理表!$A$9:$A$135,$A6,条文別整理表!$D$9:$D$135,G$4,条文別整理表!$C$9:$C$135,">0") -> 0 | H6: =COUNTIFS(条文別整理表!$A$9:$A$135,$A6,条文別整理表!$D$9:$D$135,H$4,条文別整理表!$C$9:$C$135,">0") -> 0 | I6: =COUNTIFS(条文別整理表!$A$9:$A$135,$A6,条文別整理表!$D$9:$D$135,I$4,条文別整理表!$C$9:$C$135,">0") -> 0 | J6: =COUNTIFS(条文別整理表!$A$9:$A$135,$A6,条文別整理表!$D$9:$D$135,J$4,条文別整理表!$C$9:$C$135,">0") -> 0 | K6: =COUNTIFS(条文別整理表!$A$9:$A$135,$A6,条文別整理表!$D$9:$D$135,K$4,条文別整理表!$C$9:$C$135,">0") -> 0 | ... Y6: =COUNTIFS(条文別整理表!$A$9:$A$135,$A6,条文別整理表!$D$9:$D$135,Y$4,条文別整理表!$C$9:$C$135,">0") -> 0 | Z6: =SUM(D6:Y6) -> 0 | AA6: =COUNTIF(D6:Y6,">0") -> 0
A7: 第3条第3項(4) | B7: =INDEX(条文マスタ!$B$5:$B$24,MATCH($A7,条文マスタ!$A$5:$A$24,0)) -> 第1章 総則 | C7: =INDEX(条文マスタ!$C$5:$C$24,MATCH($A7,条文マスタ!$A$5:$A$24,0)) -> 管理技術者等（工事請負者等への連絡・通知） | D7: =COUNTIFS(条文別整理表!$A$9:$A$135,$A7,条文別整理表!$D$9:$D$135,D$4,条文別整理表!$C$9:$C$135,">0") -> 0 | E7: =COUNTIFS(条文別整理表!$A$9:$A$135,$A7,条文別整理表!$D$9:$D$135,E$4,条文別整理表!$C$9:$C$135,">0") -> 0 | F7: =COUNTIFS(条文別整理表!$A$9:$A$135,$A7,条文別整理表!$D$9:$D$135,F$4,条文別整理表!$C$9:$C$135,">0") -> 0 | G7: =COUNTIFS(条文別整理表!$A$9:$A$135,$A7,条文別整理表!$D$9:$D$135,G$4,条文別整理表!$C$9:$C$135,">0") -> 0 | H7: =COUNTIFS(条文別整理表!$A$9:$A$135,$A7,条文別整理表!$D$9:$D$135,H$4,条文別整理表!$C$9:$C$135,">0") -> 0 | I7: =COUNTIFS(条文別整理表!$A$9:$A$135,$A7,条文別整理表!$D$9:$D$135,I$4,条文別整理表!$C$9:$C$135,">0") -> 0 | J7: =COUNTIFS(条文別整理表!$A$9:$A$135,$A7,条文別整理表!$D$9:$D$135,J$4,条文別整理表!$C$9:$C$135,">0") -> 0 | K7: =COUNTIFS(条文別整理表!$A$9:$A$135,$A7,条文別整理表!$D$9:$D$135,K$4,条文別整理表!$C$9:$C$135,">0") -> 0 | ... Y7: =COUNTIFS(条文別整理表!$A$9:$A$135,$A7,条文別整理表!$D$9:$D$135,Y$4,条文別整理表!$C$9:$C$135,">0") -> 0 | Z7: =SUM(D7:Y7) -> 0 | AA7: =COUNTIF(D7:Y7,">0") -> 0
A8: 第3条第3項(5) | B8: =INDEX(条文マスタ!$B$5:$B$24,MATCH($A8,条文マスタ!$A$5:$A$24,0)) -> 第1章 総則 | C8: =INDEX(条文マスタ!$C$5:$C$24,MATCH($A8,条文マスタ!$A$5:$A$24,0)) -> 管理技術者等（設計図書の理解・現場状況の精通） | D8: =COUNTIFS(条文別整理表!$A$9:$A$135,$A8,条文別整理表!$D$9:$D$135,D$4,条文別整理表!$C$9:$C$135,">0") -> 0 | E8: =COUNTIFS(条文別整理表!$A$9:$A$135,$A8,条文別整理表!$D$9:$D$135,E$4,条文別整理表!$C$9:$C$135,">0") -> 0 | F8: =COUNTIFS(条文別整理表!$A$9:$A$135,$A8,条文別整理表!$D$9:$D$135,F$4,条文別整理表!$C$9:$C$135,">0") -> 0 | G8: =COUNTIFS(条文別整理表!$A$9:$A$135,$A8,条文別整理表!$D$9:$D$135,G$4,条文別整理表!$C$9:$C$135,">0") -> 0 | H8: =COUNTIFS(条文別整理表!$A$9:$A$135,$A8,条文別整理表!$D$9:$D$135,H$4,条文別整理表!$C$9:$C$135,">0") -> 1 | I8: =COUNTIFS(条文別整理表!$A$9:$A$135,$A8,条文別整理表!$D$9:$D$135,I$4,条文別整理表!$C$9:$C$135,">0") -> 0 | J8: =COUNTIFS(条文別整理表!$A$9:$A$135,$A8,条文別整理表!$D$9:$D$135,J$4,条文別整理表!$C$9:$C$135,">0") -> 0 | K8: =COUNTIFS(条文別整理表!$A$9:$A$135,$A8,条文別整理表!$D$9:$D$135,K$4,条文別整理表!$C$9:$C$135,">0") -> 0 | ... Y8: =COUNTIFS(条文別整理表!$A$9:$A$135,$A8,条文別整理表!$D$9:$D$135,Y$4,条文別整理表!$C$9:$C$135,">0") -> 0 | Z8: =SUM(D8:Y8) -> 1 | AA8: =COUNTIF(D8:Y8,">0") -> 1
A9: 第3条第3項(6) | B9: =INDEX(条文マスタ!$B$5:$B$24,MATCH($A9,条文マスタ!$A$5:$A$24,0)) -> 第1章 総則 | C9: =INDEX(条文マスタ!$C$5:$C$24,MATCH($A9,条文マスタ!$A$5:$A$24,0)) -> 管理技術者等（図書の整理） | D9: =COUNTIFS(条文別整理表!$A$9:$A$135,$A9,条文別整理表!$D$9:$D$135,D$4,条文別整理表!$C$9:$C$135,">0") -> 2 | E9: =COUNTIFS(条文別整理表!$A$9:$A$135,$A9,条文別整理表!$D$9:$D$135,E$4,条文別整理表!$C$9:$C$135,">0") -> 2 | F9: =COUNTIFS(条文別整理表!$A$9:$A$135,$A9,条文別整理表!$D$9:$D$135,F$4,条文別整理表!$C$9:$C$135,">0") -> 0 | G9: =COUNTIFS(条文別整理表!$A$9:$A$135,$A9,条文別整理表!$D$9:$D$135,G$4,条文別整理表!$C$9:$C$135,">0") -> 1 | H9: =COUNTIFS(条文別整理表!$A$9:$A$135,$A9,条文別整理表!$D$9:$D$135,H$4,条文別整理表!$C$9:$C$135,">0") -> 2 | I9: =COUNTIFS(条文別整理表!$A$9:$A$135,$A9,条文別整理表!$D$9:$D$135,I$4,条文別整理表!$C$9:$C$135,">0") -> 0 | J9: =COUNTIFS(条文別整理表!$A$9:$A$135,$A9,条文別整理表!$D$9:$D$135,J$4,条文別整理表!$C$9:$C$135,">0") -> 0 | K9: =COUNTIFS(条文別整理表!$A$9:$A$135,$A9,条文別整理表!$D$9:$D$135,K$4,条文別整理表!$C$9:$C$135,">0") -> 0 | ... Y9: =COUNTIFS(条文別整理表!$A$9:$A$135,$A9,条文別整理表!$D$9:$D$135,Y$4,条文別整理表!$C$9:$C$135,">0") -> 0 | Z9: =SUM(D9:Y9) -> 7 | AA9: =COUNTIF(D9:Y9,">0") -> 4
A10: 第3条第4項 | B10: =INDEX(条文マスタ!$B$5:$B$24,MATCH($A10,条文マスタ!$A$5:$A$24,0)) -> 第1章 総則 | C10: =INDEX(条文マスタ!$C$5:$C$24,MATCH($A10,条文マスタ!$A$5:$A$24,0)) -> 管理技術者等（監督職員との打合せ・協議） | D10: =COUNTIFS(条文別整理表!$A$9:$A$135,$A10,条文別整理表!$D$9:$D$135,D$4,条文別整理表!$C$9:$C$135,">0") -> 0 | E10: =COUNTIFS(条文別整理表!$A$9:$A$135,$A10,条文別整理表!$D$9:$D$135,E$4,条文別整理表!$C$9:$C$135,">0") -> 0 | F10: =COUNTIFS(条文別整理表!$A$9:$A$135,$A10,条文別整理表!$D$9:$D$135,F$4,条文別整理表!$C$9:$C$135,">0") -> 0 | G10: =COUNTIFS(条文別整理表!$A$9:$A$135,$A10,条文別整理表!$D$9:$D$135,G$4,条文別整理表!$C$9:$C$135,">0") -> 0 | H10: =COUNTIFS(条文別整理表!$A$9:$A$135,$A10,条文別整理表!$D$9:$D$135,H$4,条文別整理表!$C$9:$C$135,">0") -> 0 | I10: =COUNTIFS(条文別整理表!$A$9:$A$135,$A10,条文別整理表!$D$9:$D$135,I$4,条文別整理表!$C$9:$C$135,">0") -> 0 | J10: =COUNTIFS(条文別整理表!$A$9:$A$135,$A10,条文別整理表!$D$9:$D$135,J$4,条文別整理表!$C$9:$C$135,">0") -> 0 | K10: =COUNTIFS(条文別整理表!$A$9:$A$135,$A10,条文別整理表!$D$9:$D$135,K$4,条文別整理表!$C$9:$C$135,">0") -> 0 | ... Y10: =COUNTIFS(条文別整理表!$A$9:$A$135,$A10,条文別整理表!$D$9:$D$135,Y$4,条文別整理表!$C$9:$C$135,">0") -> 0 | Z10: =SUM(D10:Y10) -> 0 | AA10: =COUNTIF(D10:Y10,">0") -> 0
A11: 第5条 | B11: =INDEX(条文マスタ!$B$5:$B$24,MATCH($A11,条文マスタ!$A$5:$A$24,0)) -> 第1章 総則 | C11: =INDEX(条文マスタ!$C$5:$C$24,MATCH($A11,条文マスタ!$A$5:$A$24,0)) -> 業務処理予定表及び結果報告書 | D11: =COUNTIFS(条文別整理表!$A$9:$A$135,$A11,条文別整理表!$D$9:$D$135,D$4,条文別整理表!$C$9:$C$135,">0") -> 1 | E11: =COUNTIFS(条文別整理表!$A$9:$A$135,$A11,条文別整理表!$D$9:$D$135,E$4,条文別整理表!$C$9:$C$135,">0") -> 1 | F11: =COUNTIFS(条文別整理表!$A$9:$A$135,$A11,条文別整理表!$D$9:$D$135,F$4,条文別整理表!$C$9:$C$135,">0") -> 1 | G11: =COUNTIFS(条文別整理表!$A$9:$A$135,$A11,条文別整理表!$D$9:$D$135,G$4,条文別整理表!$C$9:$C$135,">0") -> 1 | H11: =COUNTIFS(条文別整理表!$A$9:$A$135,$A11,条文別整理表!$D$9:$D$135,H$4,条文別整理表!$C$9:$C$135,">0") -> 1 | I11: =COUNTIFS(条文別整理表!$A$9:$A$135,$A11,条文別整理表!$D$9:$D$135,I$4,条文別整理表!$C$9:$C$135,">0") -> 1 | J11: =COUNTIFS(条文別整理表!$A$9:$A$135,$A11,条文別整理表!$D$9:$D$135,J$4,条文別整理表!$C$9:$C$135,">0") -> 1 | K11: =COUNTIFS(条文別整理表!$A$9:$A$135,$A11,条文別整理表!$D$9:$D$135,K$4,条文別整理表!$C$9:$C$135,">0") -> 1 | ... Y11: =COUNTIFS(条文別整理表!$A$9:$A$135,$A11,条文別整理表!$D$9:$D$135,Y$4,条文別整理表!$C$9:$C$135,">0") -> 1 | Z11: =SUM(D11:Y11) -> 22 | AA11: =COUNTIF(D11:Y11,">0") -> 22
A12: 第6条 | B12: =INDEX(条文マスタ!$B$5:$B$24,MATCH($A12,条文マスタ!$A$5:$A$24,0)) -> 第1章 総則 | C12: =INDEX(条文マスタ!$C$5:$C$24,MATCH($A12,条文マスタ!$A$5:$A$24,0)) -> 業務完了時の提出書類 | D12: =COUNTIFS(条文別整理表!$A$9:$A$135,$A12,条文別整理表!$D$9:$D$135,D$4,条文別整理表!$C$9:$C$135,">0") -> 0 | E12: =COUNTIFS(条文別整理表!$A$9:$A$135,$A12,条文別整理表!$D$9:$D$135,E$4,条文別整理表!$C$9:$C$135,">0") -> 0 | F12: =COUNTIFS(条文別整理表!$A$9:$A$135,$A12,条文別整理表!$D$9:$D$135,F$4,条文別整理表!$C$9:$C$135,">0") -> 0 | G12: =COUNTIFS(条文別整理表!$A$9:$A$135,$A12,条文別整理表!$D$9:$D$135,G$4,条文別整理表!$C$9:$C$135,">0") -> 0 | H12: =COUNTIFS(条文別整理表!$A$9:$A$135,$A12,条文別整理表!$D$9:$D$135,H$4,条文別整理表!$C$9:$C$135,">0") -> 0 | I12: =COUNTIFS(条文別整理表!$A$9:$A$135,$A12,条文別整理表!$D$9:$D$135,I$4,条文別整理表!$C$9:$C$135,">0") -> 0 | J12: =COUNTIFS(条文別整理表!$A$9:$A$135,$A12,条文別整理表!$D$9:$D$135,J$4,条文別整理表!$C$9:$C$135,">0") -> 0 | K12: =COUNTIFS(条文別整理表!$A$9:$A$135,$A12,条文別整理表!$D$9:$D$135,K$4,条文別整理表!$C$9:$C$135,">0") -> 0 | ... Y12: =COUNTIFS(条文別整理表!$A$9:$A$135,$A12,条文別整理表!$D$9:$D$135,Y$4,条文別整理表!$C$9:$C$135,">0") -> 0 | Z12: =SUM(D12:Y12) -> 0 | AA12: =COUNTIF(D12:Y12,">0") -> 0
A13: 第7条 | B13: =INDEX(条文マスタ!$B$5:$B$24,MATCH($A13,条文マスタ!$A$5:$A$24,0)) -> 第2章 監督に関する現場技術業務 | C13: =INDEX(条文マスタ!$C$5:$C$24,MATCH($A13,条文マスタ!$A$5:$A$24,0)) -> 書類の確認 | D13: =COUNTIFS(条文別整理表!$A$9:$A$135,$A13,条文別整理表!$D$9:$D$135,D$4,条文別整理表!$C$9:$C$135,">0") -> 0 | E13: =COUNTIFS(条文別整理表!$A$9:$A$135,$A13,条文別整理表!$D$9:$D$135,E$4,条文別整理表!$C$9:$C$135,">0") -> 0 | F13: =COUNTIFS(条文別整理表!$A$9:$A$135,$A13,条文別整理表!$D$9:$D$135,F$4,条文別整理表!$C$9:$C$135,">0") -> 0 | G13: =COUNTIFS(条文別整理表!$A$9:$A$135,$A13,条文別整理表!$D$9:$D$135,G$4,条文別整理表!$C$9:$C$135,">0") -> 0 | H13: =COUNTIFS(条文別整理表!$A$9:$A$135,$A13,条文別整理表!$D$9:$D$135,H$4,条文別整理表!$C$9:$C$135,">0") -> 0 | I13: =COUNTIFS(条文別整理表!$A$9:$A$135,$A13,条文別整理表!$D$9:$D$135,I$4,条文別整理表!$C$9:$C$135,">0") -> 0 | J13: =COUNTIFS(条文別整理表!$A$9:$A$135,$A13,条文別整理表!$D$9:$D$135,J$4,条文別整理表!$C$9:$C$135,">0") -> 0 | K13: =COUNTIFS(条文別整理表!$A$9:$A$135,$A13,条文別整理表!$D$9:$D$135,K$4,条文別整理表!$C$9:$C$135,">0") -> 0 | ... Y13: =COUNTIFS(条文別整理表!$A$9:$A$135,$A13,条文別整理表!$D$9:$D$135,Y$4,条文別整理表!$C$9:$C$135,">0") -> 0 | Z13: =SUM(D13:Y13) -> 2 | AA13: =COUNTIF(D13:Y13,">0") -> 2
A14: 第8条 | B14: =INDEX(条文マスタ!$B$5:$B$24,MATCH($A14,条文マスタ!$A$5:$A$24,0)) -> 第2章 監督に関する現場技術業務 | C14: =INDEX(条文マスタ!$C$5:$C$24,MATCH($A14,条文マスタ!$A$5:$A$24,0)) -> 立会 | D14: =COUNTIFS(条文別整理表!$A$9:$A$135,$A14,条文別整理表!$D$9:$D$135,D$4,条文別整理表!$C$9:$C$135,">0") -> 0 | E14: =COUNTIFS(条文別整理表!$A$9:$A$135,$A14,条文別整理表!$D$9:$D$135,E$4,条文別整理表!$C$9:$C$135,">0") -> 0 | F14: =COUNTIFS(条文別整理表!$A$9:$A$135,$A14,条文別整理表!$D$9:$D$135,F$4,条文別整理表!$C$9:$C$135,">0") -> 0 | G14: =COUNTIFS(条文別整理表!$A$9:$A$135,$A14,条文別整理表!$D$9:$D$135,G$4,条文別整理表!$C$9:$C$135,">0") -> 0 | H14: =COUNTIFS(条文別整理表!$A$9:$A$135,$A14,条文別整理表!$D$9:$D$135,H$4,条文別整理表!$C$9:$C$135,">0") -> 1 | I14: =COUNTIFS(条文別整理表!$A$9:$A$135,$A14,条文別整理表!$D$9:$D$135,I$4,条文別整理表!$C$9:$C$135,">0") -> 2 | J14: =COUNTIFS(条文別整理表!$A$9:$A$135,$A14,条文別整理表!$D$9:$D$135,J$4,条文別整理表!$C$9:$C$135,">0") -> 0 | K14: =COUNTIFS(条文別整理表!$A$9:$A$135,$A14,条文別整理表!$D$9:$D$135,K$4,条文別整理表!$C$9:$C$135,">0") -> 0 | ... Y14: =COUNTIFS(条文別整理表!$A$9:$A$135,$A14,条文別整理表!$D$9:$D$135,Y$4,条文別整理表!$C$9:$C$135,">0") -> 0 | Z14: =SUM(D14:Y14) -> 8 | AA14: =COUNTIF(D14:Y14,">0") -> 6
A15: 第9条 | B15: =INDEX(条文マスタ!$B$5:$B$24,MATCH($A15,条文マスタ!$A$5:$A$24,0)) -> 第2章 監督に関する現場技術業務 | C15: =INDEX(条文マスタ!$C$5:$C$24,MATCH($A15,条文マスタ!$A$5:$A$24,0)) -> 検測 | D15: =COUNTIFS(条文別整理表!$A$9:$A$135,$A15,条文別整理表!$D$9:$D$135,D$4,条文別整理表!$C$9:$C$135,">0") -> 0 | E15: =COUNTIFS(条文別整理表!$A$9:$A$135,$A15,条文別整理表!$D$9:$D$135,E$4,条文別整理表!$C$9:$C$135,">0") -> 0 | F15: =COUNTIFS(条文別整理表!$A$9:$A$135,$A15,条文別整理表!$D$9:$D$135,F$4,条文別整理表!$C$9:$C$135,">0") -> 0 | G15: =COUNTIFS(条文別整理表!$A$9:$A$135,$A15,条文別整理表!$D$9:$D$135,G$4,条文別整理表!$C$9:$C$135,">0") -> 0 | H15: =COUNTIFS(条文別整理表!$A$9:$A$135,$A15,条文別整理表!$D$9:$D$135,H$4,条文別整理表!$C$9:$C$135,">0") -> 0 | I15: =COUNTIFS(条文別整理表!$A$9:$A$135,$A15,条文別整理表!$D$9:$D$135,I$4,条文別整理表!$C$9:$C$135,">0") -> 0 | J15: =COUNTIFS(条文別整理表!$A$9:$A$135,$A15,条文別整理表!$D$9:$D$135,J$4,条文別整理表!$C$9:$C$135,">0") -> 0 | K15: =COUNTIFS(条文別整理表!$A$9:$A$135,$A15,条文別整理表!$D$9:$D$135,K$4,条文別整理表!$C$9:$C$135,">0") -> 0 | ... Y15: =COUNTIFS(条文別整理表!$A$9:$A$135,$A15,条文別整理表!$D$9:$D$135,Y$4,条文別整理表!$C$9:$C$135,">0") -> 0 | Z15: =SUM(D15:Y15) -> 0 | AA15: =COUNTIF(D15:Y15,">0") -> 0
A16: 第10条 | B16: =INDEX(条文マスタ!$B$5:$B$24,MATCH($A16,条文マスタ!$A$5:$A$24,0)) -> 第2章 監督に関する現場技術業務 | C16: =INDEX(条文マスタ!$C$5:$C$24,MATCH($A16,条文マスタ!$A$5:$A$24,0)) -> 材料検査 | D16: =COUNTIFS(条文別整理表!$A$9:$A$135,$A16,条文別整理表!$D$9:$D$135,D$4,条文別整理表!$C$9:$C$135,">0") -> 0 | E16: =COUNTIFS(条文別整理表!$A$9:$A$135,$A16,条文別整理表!$D$9:$D$135,E$4,条文別整理表!$C$9:$C$135,">0") -> 0 | F16: =COUNTIFS(条文別整理表!$A$9:$A$135,$A16,条文別整理表!$D$9:$D$135,F$4,条文別整理表!$C$9:$C$135,">0") -> 0 | G16: =COUNTIFS(条文別整理表!$A$9:$A$135,$A16,条文別整理表!$D$9:$D$135,G$4,条文別整理表!$C$9:$C$135,">0") -> 0 | H16: =COUNTIFS(条文別整理表!$A$9:$A$135,$A16,条文別整理表!$D$9:$D$135,H$4,条文別整理表!$C$9:$C$135,">0") -> 0 | I16: =COUNTIFS(条文別整理表!$A$9:$A$135,$A16,条文別整理表!$D$9:$D$135,I$4,条文別整理表!$C$9:$C$135,">0") -> 0 | J16: =COUNTIFS(条文別整理表!$A$9:$A$135,$A16,条文別整理表!$D$9:$D$135,J$4,条文別整理表!$C$9:$C$135,">0") -> 0 | K16: =COUNTIFS(条文別整理表!$A$9:$A$135,$A16,条文別整理表!$D$9:$D$135,K$4,条文別整理表!$C$9:$C$135,">0") -> 0 | ... Y16: =COUNTIFS(条文別整理表!$A$9:$A$135,$A16,条文別整理表!$D$9:$D$135,Y$4,条文別整理表!$C$9:$C$135,">0") -> 0 | Z16: =SUM(D16:Y16) -> 0 | AA16: =COUNTIF(D16:Y16,">0") -> 0
A17: 第11条 | B17: =INDEX(条文マスタ!$B$5:$B$24,MATCH($A17,条文マスタ!$A$5:$A$24,0)) -> 第2章 監督に関する現場技術業務 | C17: =INDEX(条文マスタ!$C$5:$C$24,MATCH($A17,条文マスタ!$A$5:$A$24,0)) -> 工程管理 | D17: =COUNTIFS(条文別整理表!$A$9:$A$135,$A17,条文別整理表!$D$9:$D$135,D$4,条文別整理表!$C$9:$C$135,">0") -> 1 | E17: =COUNTIFS(条文別整理表!$A$9:$A$135,$A17,条文別整理表!$D$9:$D$135,E$4,条文別整理表!$C$9:$C$135,">0") -> 0 | F17: =COUNTIFS(条文別整理表!$A$9:$A$135,$A17,条文別整理表!$D$9:$D$135,F$4,条文別整理表!$C$9:$C$135,">0") -> 0 | G17: =COUNTIFS(条文別整理表!$A$9:$A$135,$A17,条文別整理表!$D$9:$D$135,G$4,条文別整理表!$C$9:$C$135,">0") -> 0 | H17: =COUNTIFS(条文別整理表!$A$9:$A$135,$A17,条文別整理表!$D$9:$D$135,H$4,条文別整理表!$C$9:$C$135,">0") -> 0 | I17: =COUNTIFS(条文別整理表!$A$9:$A$135,$A17,条文別整理表!$D$9:$D$135,I$4,条文別整理表!$C$9:$C$135,">0") -> 0 | J17: =COUNTIFS(条文別整理表!$A$9:$A$135,$A17,条文別整理表!$D$9:$D$135,J$4,条文別整理表!$C$9:$C$135,">0") -> 0 | K17: =COUNTIFS(条文別整理表!$A$9:$A$135,$A17,条文別整理表!$D$9:$D$135,K$4,条文別整理表!$C$9:$C$135,">0") -> 1 | ... Y17: =COUNTIFS(条文別整理表!$A$9:$A$135,$A17,条文別整理表!$D$9:$D$135,Y$4,条文別整理表!$C$9:$C$135,">0") -> 0 | Z17: =SUM(D17:Y17) -> 3 | AA17: =COUNTIF(D17:Y17,">0") -> 3
... A25: 第20条 | B25: =INDEX(条文マスタ!$B$5:$B$24,MATCH($A25,条文マスタ!$A$5:$A$24,0)) -> 第3章 設計に関する現場技術業務 | C25: =INDEX(条文マスタ!$C$5:$C$24,MATCH($A25,条文マスタ!$A$5:$A$24,0)) -> 設計に必要な資料 | D25: =COUNTIFS(条文別整理表!$A$9:$A$135,$A25,条文別整理表!$D$9:$D$135,D$4,条文別整理表!$C$9:$C$135,">0") -> 0 | E25: =COUNTIFS(条文別整理表!$A$9:$A$135,$A25,条文別整理表!$D$9:$D$135,E$4,条文別整理表!$C$9:$C$135,">0") -> 0 | F25: =COUNTIFS(条文別整理表!$A$9:$A$135,$A25,条文別整理表!$D$9:$D$135,F$4,条文別整理表!$C$9:$C$135,">0") -> 0 | G25: =COUNTIFS(条文別整理表!$A$9:$A$135,$A25,条文別整理表!$D$9:$D$135,G$4,条文別整理表!$C$9:$C$135,">0") -> 0 | H25: =COUNTIFS(条文別整理表!$A$9:$A$135,$A25,条文別整理表!$D$9:$D$135,H$4,条文別整理表!$C$9:$C$135,">0") -> 0 | I25: =COUNTIFS(条文別整理表!$A$9:$A$135,$A25,条文別整理表!$D$9:$D$135,I$4,条文別整理表!$C$9:$C$135,">0") -> 1 | J25: =COUNTIFS(条文別整理表!$A$9:$A$135,$A25,条文別整理表!$D$9:$D$135,J$4,条文別整理表!$C$9:$C$135,">0") -> 0 | K25: =COUNTIFS(条文別整理表!$A$9:$A$135,$A25,条文別整理表!$D$9:$D$135,K$4,条文別整理表!$C$9:$C$135,">0") -> 2 | ... Y25: =COUNTIFS(条文別整理表!$A$9:$A$135,$A25,条文別整理表!$D$9:$D$135,Y$4,条文別整理表!$C$9:$C$135,">0") -> 0 | Z25: =SUM(D25:Y25) -> 9 | AA25: =COUNTIF(D25:Y25,">0") -> 5
A26: 合計 | D26: =SUM(D6:D25) -> 4 | E26: =SUM(E6:E25) -> 3 | F26: =SUM(F6:F25) -> 4 | G26: =SUM(G6:G25) -> 4 | H26: =SUM(H6:H25) -> 5 | I26: =SUM(I6:I25) -> 4 | J26: =SUM(J6:J25) -> 3 | K26: =SUM(K6:K25) -> 5 | ... Z26: =SUM(Z6:Z25) -> 97 | AA26: =SUMPRODUCT(--(D26:Y26>0)) -> 22
A28: ※ 合計行の「実施日数」は7月の業務実施日数（履行日数）。「－」は当月該当業務なし。

Sheet 条文マスタ
A1: 条文マスタ（現場技術業務委託共通仕様書 条文一覧）
A2: 出典：現場技術業務委託共通仕様書（京都府、令和元年8月20日 元指第486号 最終改正）別添2 及び 現場技術業務 特記仕様書。条文要旨は原文を要約したもの。
A4: 条文番号 | B4: 章 | C4: 見出し | D4: 条文要旨
A5: 第3条第3項(1) | B5: 第1章 総則 | C5: 管理技術者等（監督に関する業務の厳正な実施） | D5: 必要な監督に関する業務を厳正に実施すること。
A6: 第3条第3項(4) | B6: 第1章 総則 | C6: 管理技術者等（工事請負者等への連絡・通知） | D6: 工事請負者又は外部への連絡若しくは通知を行う場合には、その内容を相手に正確に伝えること。
A7: 第3条第3項(5) | B7: 第1章 総則 | C7: 管理技術者等（設計図書の理解・現場状況の精通） | D7: 請負工事の契約書及び設計図書等の内容を十分理解し、更に工事現場の状況についても精通しておくこと。
A8: 第3条第3項(6) | B8: 第1章 総則 | C8: 管理技術者等（図書の整理） | D8: 業務の実施にあたっては、業務に関する図書を適切に整理しておくこと。
A9: 第3条第4項 | B9: 第1章 総則 | C9: 管理技術者等（監督職員との打合せ・協議） | D9: 管理技術者は、特記仕様書に定めるところにより監督職員と打合せ・協議を行い、その結果について相互に確認する（特記仕様書：着手時及び最終時の計2回）。
A10: 第5条 | B10: 第1章 総則 | C10: 業務処理予定表及び結果報告書 | D10: 業務処理予定表及び業務処理結果報告書（実施した業務の内容、その他必要事項）を作成し、監督職員に提出する。
A11: 第6条 | B11: 第1章 総則 | C11: 業務完了時の提出書類 | D11: 業務完了時に、業務処理結果報告書を一括整理して提出する。
A12: 第7条 | B12: 第2章 監督に関する現場技術業務 | C12: 書類の確認 | D12: 工事請負者から提出された書類は、これを確認し監督職員に報告しなければならない。
A13: 第8条 | B13: 第2章 監督に関する現場技術業務 | C13: 立会 | D13: 設計図書に基づき立会いを行った場合は、その結果を書面で監督職員に報告する。
A14: 第9条 | B14: 第2章 監督に関する現場技術業務 | C14: 検測 | D14: 請負工事の施工が設計図書に示す所定の出来形及び品質を確保するため現地で検測を行い、その成果を監督職員に提出する。
A15: 第10条 | B15: 第2章 監督に関する現場技術業務 | C15: 材料検査 | D15: 材料検査を実施したときは、検査年月日・品名・寸法等・検査数量・検査結果及び合格数量等を付記して監督職員に提出する。
... A24: 第20条 | B24: 第3章 設計に関する現場技術業務 | C24: 設計に必要な資料 | D24: 設計に必要な図面、数量取りまとめ、各種データの作成等を、事前に監督職員と協議の上行い、結果を書面で提出する。
