Workbook

Sheet 工事概要
A1: 新規現場管理工事 着手前の問題・課題・検討事項 拾い出し資料
A4: 作成日 | B4: ＝TODAY() で自動表示（要更新）
A5: 対象資料 | B5: 仕様書（特記仕様書）／設計書（工事設計書・積算条件・本工事費内訳書）／図面／数量計算書
A6: ■ 工事基本情報
A7: 工事番号 | B7: 丹後7府民協働第1499の2号の1の8 ほか計4件（下表参照）
A8: 工事名 | B8: 管内一円（宇川）府民協働型インフラ保全工事 ほか
A9: 発注者 | B9: 京都府 丹後土木事務所
A10: 施工箇所 | B10: 京丹後市丹後町遠下地内 他
A11: 工事延長 | B11: 合計 600ｍ（本工事1・2掘削工 計2,700m3）
A12: 工期 | B12: 契約日又は契約日の翌日から200日間
A13: 発注年度 | B13: 令和8年度
A14: 特記事項（施工時期） | B14: 鮎の漁期（4～9月）・産卵期（10～12月下旬）を避けて施工。実質的な施工可能時期が限定される点に留意。
A16: ■ 工事番号一覧
A17: ・丹後7府民協働第1499の2号の1の8 管内一円（宇川）府民協働型インフラ保全工事
A18: ・丹後7緊急浚渫（河川）第1333号の1の2／丹後8緊急浚渫（河川）第1333号の1の1 宇川緊急浚渫推進（河川）工事
A19: ・丹後7臨生第1499の2号の1の6 管内一円（宇川）臨時生活関連施設整備工事
A21: ■ 工区別概要（数量計算書・工事設計書より）
A22: 工区 | B22: 対象河川・所在地 | C22: 主な工種 | D22: 主要数量（設計数量） | E22: 工区特記事項
A23: 本工事1 （006宇川） | B23: 宇川／京丹後市丹後町地内 施工箇所A | C23: 河川土工（浚渫掘削、工区①下流側＋工区②上流側）・仮設工（工事用道路） | D23: 掘削1,400m3（工区①720m3＋工区②720m3）／残土処分工区①740m3・工区②690m3／工区②→①土砂運搬20m3(L=0.9km)／交通誘導員14人日 | E23: 工区①のみ仮設工事用道路（盛土19m3）あり
A24: 本工事2 （014(097)宇川） | B24: 宇川／京丹後市丹後町地内 施工箇所B | C24: 河川土工（浚渫掘削、浚渫北側＋浚渫南側） | D24: 掘削1,300m3（各L=200m）／残土処分1,340m3／交通誘導員13人日 | E24: 残土は伊根町公共残土処分場へ（予約制・土日祝年末年始休業）

Sheet 着手前検討事項チェックリスト
A1: 着手前の問題・課題・検討事項 一覧（チェックリスト）
A2: 凡例：状況欄はプルダウンで選択（未着手／確認中／発注者協議中／完了）。区分ごとに色分け。出典欄は根拠資料のページ・条項を示す。
A4: No. | B4: 区分 | C4: 対象工区 | D4: 検討・確認事項 | E4: 詳細内容（仕様書等の根拠） | F4: 確認・協議先 | G4: 対応目安時期 | H4: 状況 | I4: 出典
A5: 1 | B5: 契約・積算 | C5: 全工区 | D5: 概略発注方式（試行）の対象工種と計上率の確認 | E5: 契約対象工種の一部を概略発注工として集約し、「概略発注工を除く直接工事費」に対する率（本工事1=11.2%、本工事2=10.8%）で1式計上。契約変更時は積上げ精算のうえ総額を円止めに変更する必要がある。 | F5: 監督職員 | G5: 契約後速やか | H5: 未着手 | I5: 特記仕様書1-3／本工事費内訳書 第1・2号明細書
A6: 2 | B6: 契約・積算 | C6: 全工区 | D6: 施工箇所が点在する工事の費用按分方法の確認 | E6: 共通仮設費・現場管理費は『本工事1（006宇川）』『本工事2（014(097)宇川）』毎に算出し地区間調整は行わない。一般管理費等は両地区をひとつの工事とみなして算出する。 | F6: 監督職員 | G6: 契約後速やか | H6: 未着手 | I6: 特記仕様書1-4
A7: 3 | B7: 契約・積算 | C7: 本工事1（006宇川） | D7: 掘削・残土数量の工区間差異の確認 | E7: 掘削の計算数量1,440m3に対し設計数量1,400m3（工区①+工区②合計）。残土処分も工区①742m3・工区②698m3と工区間で数量差があり、うち22m3は工区②から工区①へ運搬（L=0.9km）する計画。設計変更時の取扱いを事前確認。 | F7: 監督職員 | G7: 着手前 | H7: 未着手 | I7: 数量計算書（本工事1）
A8: 4 | B8: 近接施設・占用物件 | C8: 全工区 | D8: 地下埋設物・占用設備の事前照会 | E8: ＮＴＴフィールドテクノ関西支店（地下埋設管・電柱・ケーブル）、関西電力送電線ダイヤル、ＪＡ京都丹後ガス配送管理センター（峰山町字二箇）、京丹後市役所上下水道部へ着手前に埋設状況を照会する。 | F8: 各占用設備管理者 | G8: 着手前 | H8: 未着手 | I8: 特記仕様書2-2
A9: 5 | B9: 地元・関係機関調整 | C9: 全工区 | D9: 工事着手前の地元立合の実施 | E9: 「現場については、地元立合後に着手すること」と特記仕様書に明記。着手前工程に地元立会の日程を確保する必要がある。 | F9: 地元関係者 | G9: 着手前 | H9: 未着手 | I9: 特記仕様書2-1
A10: 6 | B10: 地元・関係機関調整 | C10: 全工区（本工事1・2） | D10: 【重要】鮎の漁期・産卵期を避けた施工時期の漁協・地元調整 | E10: 鮎の漁期（4月～9月）・産卵期（10月～12月下旬）に重ならないよう、野間漁業協同組合・上宇川漁業協同組合、地元自治会と調整のうえ現場着手すること、と特記仕様書に明記。実質的な施工可能時期が限られるため、契約後直ちに最優先で調整に着手し、200日間の工期設定との整合を確認する。 | F10: 野間漁業協同組合／上宇川漁業協同組合／地元自治会 | G10: 契約後直ちに | H10: 未着手 | I10: 特記仕様書6-2（宇川の施工時期について）
A11: 7 | B11: 交通管理・安全 | C11: 全工区 | D11: 交通誘導警備員の配置計画確認 | E11: 本工事1=14人日、本工事2=13人日を計上（検定合格者不要）。道路管理者・所轄警察署との協議結果により変更が生じた場合は設計変更対象。 | F11: 道路管理者／所轄警察署／監督職員 | G11: 施工計画作成時 | H11: 未着手 | I11: 特記仕様書3-4
A12: 8 | B12: 残土・建設副産物 | C12: 全工区 | D12: 建設発生土の処分先（伊根町公共残土処分場）受入条件の確認 | E12: 伊根町本坂第2処分場（与謝郡伊根町字本坂小字宮田10004番地）。予約制で常時解放なし、土曜・日曜・祝日・年末年始（12/29～1/3）休業。含水比の高い土砂（車輌から泥土が漏れる程度）は受入不可。運搬距離：本工事1=14.0km、本工事2=12.5km。 | F12: 伊根町処分場／監督職員 | G12: 着手前 | H12: 未着手 | I12: 特記仕様書3-8
A13: 9 | B13: 土壌調査・条例 | C13: 全工区 | D13: 土砂条例に基づく土壌調査の実施・様式作成 | E13: 本工事1は工区①・②で計2箇所、本工事2は1式の土壌調査を計上。土砂等を採取した地点の位置図・現場写真、土壌調査資料採取報告書等の作成が必要。 | F13: 監督職員／調査機関 | G13: 着手前～施工初期 | H13: 未着手 | I13: 特記仕様書3-8-2
A14: 10 | B14: 盛土規制法 | C14: 本工事1（006宇川） | D14: 宅地造成及び特定盛土等規制法の該当性確認 | E14: 令和7年5月1日指定の規制区域における仮設工事用道路盛土（工区①のみ、19.8m3）が許可対象となる盛土等に該当するか確認する。 | F14: 監督職員 | G14: 着手前 | H14: 未着手 | I14: 特記仕様書3-8-4
A15: 11 | B15: 工程・仮設計画 | C15: 本工事1（006宇川） | D15: 工区②→工区①への土砂運搬を含む工程調整 | E15: 工区②の残土の一部（22.0m3、L=0.9km）を工区①側へ運搬し、工区①の仮設工事用道路盛土（流用土19.8m3）に活用する計画。両工区の施工順序・タイミングの整合を確認する。 | F15: 現場担当（工程管理） | G15: 施工計画作成時 | H15: 未着手 | I15: 数量計算書（本工事1）
A16: 12 | B16: 河川浚渫特有事項 | C16: 全工区 | D16: 着手前の事前測量（横断測量）実施・施工図作成提出 | E16: 設計図が標準断面図による場合、着手前に横断測量（原則20m間隔）を実施し監督職員へ報告、掘削断面・河床勾配を協議のうえ施工図を作成・提出。堆積状況により40m間隔への変更協議可。施工図変更に伴う延長・掘削土量差は設計変更対象。 | F16: 監督職員 | G16: 着手前 | H16: 未着手 | I16: 河川浚渫工事に関する特記事項（事前測量）
... A21: 17 | B21: 残土・建設副産物 | C21: 全工区 | D21: 【調整漏れ】伊根町公共残土処分場における重機の降り口及び残土の搬出位置の確認 | E21: 伊根町本坂第2処分場について、重機の降り口（処分場内への重機の進入・降下位置）及び残土の搬出位置が未調整。ダンプの進入経路・転回場所、仮設（敷鉄板等）の要否とあわせて処分場管理者と現地確認し、施工計画に反映する。追加費用が生じる場合は監督職員と協議。 | F21: 伊根町（処分場管理者）／監督職員 | G21: 着手前 | H21: 未着手 | I21: 現場指摘による追加項目（No.8関連）

Sheet 進捗サマリ
A1: 進捗サマリ（区分別・状況別 自動集計）
A3: 区分 | B3: 件数 | C3: 未着手 | D3: 確認中 | E3: 発注者協議中 | F3: 完了
A4: 契約・積算 | B4: =COUNTIF(着手前検討事項チェックリスト!$B$5:$B$21,A4) | C4: =COUNTIFS(着手前検討事項チェックリスト!$B$5:$B$21,A4,着手前検討事項チェックリスト!$H$5:$H$21,"未着手") | D4: =COUNTIFS(着手前検討事項チェックリスト!$B$5:$B$21,A4,着手前検討事項チェックリスト!$H$5:$H$21,"確認中") | E4: =COUNTIFS(着手前検討事項チェックリスト!$B$5:$B$21,A4,着手前検討事項チェックリスト!$H$5:$H$21,"発注者協議中") | F4: =COUNTIFS(着手前検討事項チェックリスト!$B$5:$B$21,A4,着手前検討事項チェックリスト!$H$5:$H$21,"完了")
A5: 近接施設・占用物件 | B5: =COUNTIF(着手前検討事項チェックリスト!$B$5:$B$21,A5) | C5: =COUNTIFS(着手前検討事項チェックリスト!$B$5:$B$21,A5,着手前検討事項チェックリスト!$H$5:$H$21,"未着手") | D5: =COUNTIFS(着手前検討事項チェックリスト!$B$5:$B$21,A5,着手前検討事項チェックリスト!$H$5:$H$21,"確認中") | E5: =COUNTIFS(着手前検討事項チェックリスト!$B$5:$B$21,A5,着手前検討事項チェックリスト!$H$5:$H$21,"発注者協議中") | F5: =COUNTIFS(着手前検討事項チェックリスト!$B$5:$B$21,A5,着手前検討事項チェックリスト!$H$5:$H$21,"完了")
A6: 地元・関係機関調整 | B6: =COUNTIF(着手前検討事項チェックリスト!$B$5:$B$21,A6) | C6: =COUNTIFS(着手前検討事項チェックリスト!$B$5:$B$21,A6,着手前検討事項チェックリスト!$H$5:$H$21,"未着手") | D6: =COUNTIFS(着手前検討事項チェックリスト!$B$5:$B$21,A6,着手前検討事項チェックリスト!$H$5:$H$21,"確認中") | E6: =COUNTIFS(着手前検討事項チェックリスト!$B$5:$B$21,A6,着手前検討事項チェックリスト!$H$5:$H$21,"発注者協議中") | F6: =COUNTIFS(着手前検討事項チェックリスト!$B$5:$B$21,A6,着手前検討事項チェックリスト!$H$5:$H$21,"完了")
A7: 交通管理・安全 | B7: =COUNTIF(着手前検討事項チェックリスト!$B$5:$B$21,A7) | C7: =COUNTIFS(着手前検討事項チェックリスト!$B$5:$B$21,A7,着手前検討事項チェックリスト!$H$5:$H$21,"未着手") | D7: =COUNTIFS(着手前検討事項チェックリスト!$B$5:$B$21,A7,着手前検討事項チェックリスト!$H$5:$H$21,"確認中") | E7: =COUNTIFS(着手前検討事項チェックリスト!$B$5:$B$21,A7,着手前検討事項チェックリスト!$H$5:$H$21,"発注者協議中") | F7: =COUNTIFS(着手前検討事項チェックリスト!$B$5:$B$21,A7,着手前検討事項チェックリスト!$H$5:$H$21,"完了")
A8: 施工環境（気象等） | B8: =COUNTIF(着手前検討事項チェックリスト!$B$5:$B$21,A8) | C8: =COUNTIFS(着手前検討事項チェックリスト!$B$5:$B$21,A8,着手前検討事項チェックリスト!$H$5:$H$21,"未着手") | D8: =COUNTIFS(着手前検討事項チェックリスト!$B$5:$B$21,A8,着手前検討事項チェックリスト!$H$5:$H$21,"確認中") | E8: =COUNTIFS(着手前検討事項チェックリスト!$B$5:$B$21,A8,着手前検討事項チェックリスト!$H$5:$H$21,"発注者協議中") | F8: =COUNTIFS(着手前検討事項チェックリスト!$B$5:$B$21,A8,着手前検討事項チェックリスト!$H$5:$H$21,"完了")
A9: 残土・建設副産物 | B9: =COUNTIF(着手前検討事項チェックリスト!$B$5:$B$21,A9) | C9: =COUNTIFS(着手前検討事項チェックリスト!$B$5:$B$21,A9,着手前検討事項チェックリスト!$H$5:$H$21,"未着手") | D9: =COUNTIFS(着手前検討事項チェックリスト!$B$5:$B$21,A9,着手前検討事項チェックリスト!$H$5:$H$21,"確認中") | E9: =COUNTIFS(着手前検討事項チェックリスト!$B$5:$B$21,A9,着手前検討事項チェックリスト!$H$5:$H$21,"発注者協議中") | F9: =COUNTIFS(着手前検討事項チェックリスト!$B$5:$B$21,A9,着手前検討事項チェックリスト!$H$5:$H$21,"完了")
A10: 土壌調査・条例 | B10: =COUNTIF(着手前検討事項チェックリスト!$B$5:$B$21,A10) | C10: =COUNTIFS(着手前検討事項チェックリスト!$B$5:$B$21,A10,着手前検討事項チェックリスト!$H$5:$H$21,"未着手") | D10: =COUNTIFS(着手前検討事項チェックリスト!$B$5:$B$21,A10,着手前検討事項チェックリスト!$H$5:$H$21,"確認中") | E10: =COUNTIFS(着手前検討事項チェックリスト!$B$5:$B$21,A10,着手前検討事項チェックリスト!$H$5:$H$21,"発注者協議中") | F10: =COUNTIFS(着手前検討事項チェックリスト!$B$5:$B$21,A10,着手前検討事項チェックリスト!$H$5:$H$21,"完了")
A11: 盛土規制法 | B11: =COUNTIF(着手前検討事項チェックリスト!$B$5:$B$21,A11) | C11: =COUNTIFS(着手前検討事項チェックリスト!$B$5:$B$21,A11,着手前検討事項チェックリスト!$H$5:$H$21,"未着手") | D11: =COUNTIFS(着手前検討事項チェックリスト!$B$5:$B$21,A11,着手前検討事項チェックリスト!$H$5:$H$21,"確認中") | E11: =COUNTIFS(着手前検討事項チェックリスト!$B$5:$B$21,A11,着手前検討事項チェックリスト!$H$5:$H$21,"発注者協議中") | F11: =COUNTIFS(着手前検討事項チェックリスト!$B$5:$B$21,A11,着手前検討事項チェックリスト!$H$5:$H$21,"完了")
A12: 材料・機械 | B12: =COUNTIF(着手前検討事項チェックリスト!$B$5:$B$21,A12) | C12: =COUNTIFS(着手前検討事項チェックリスト!$B$5:$B$21,A12,着手前検討事項チェックリスト!$H$5:$H$21,"未着手") | D12: =COUNTIFS(着手前検討事項チェックリスト!$B$5:$B$21,A12,着手前検討事項チェックリスト!$H$5:$H$21,"確認中") | E12: =COUNTIFS(着手前検討事項チェックリスト!$B$5:$B$21,A12,着手前検討事項チェックリスト!$H$5:$H$21,"発注者協議中") | F12: =COUNTIFS(着手前検討事項チェックリスト!$B$5:$B$21,A12,着手前検討事項チェックリスト!$H$5:$H$21,"完了")
A13: 河川浚渫特有事項 | B13: =COUNTIF(着手前検討事項チェックリスト!$B$5:$B$21,A13) | C13: =COUNTIFS(着手前検討事項チェックリスト!$B$5:$B$21,A13,着手前検討事項チェックリスト!$H$5:$H$21,"未着手") | D13: =COUNTIFS(着手前検討事項チェックリスト!$B$5:$B$21,A13,着手前検討事項チェックリスト!$H$5:$H$21,"確認中") | E13: =COUNTIFS(着手前検討事項チェックリスト!$B$5:$B$21,A13,着手前検討事項チェックリスト!$H$5:$H$21,"発注者協議中") | F13: =COUNTIFS(着手前検討事項チェックリスト!$B$5:$B$21,A13,着手前検討事項チェックリスト!$H$5:$H$21,"完了")
A14: 工程・仮設計画 | B14: =COUNTIF(着手前検討事項チェックリスト!$B$5:$B$21,A14) | C14: =COUNTIFS(着手前検討事項チェックリスト!$B$5:$B$21,A14,着手前検討事項チェックリスト!$H$5:$H$21,"未着手") | D14: =COUNTIFS(着手前検討事項チェックリスト!$B$5:$B$21,A14,着手前検討事項チェックリスト!$H$5:$H$21,"確認中") | E14: =COUNTIFS(着手前検討事項チェックリスト!$B$5:$B$21,A14,着手前検討事項チェックリスト!$H$5:$H$21,"発注者協議中") | F14: =COUNTIFS(着手前検討事項チェックリスト!$B$5:$B$21,A14,着手前検討事項チェックリスト!$H$5:$H$21,"完了")
A15: 働き方改革 | B15: =COUNTIF(着手前検討事項チェックリスト!$B$5:$B$21,A15) | C15: =COUNTIFS(着手前検討事項チェックリスト!$B$5:$B$21,A15,着手前検討事項チェックリスト!$H$5:$H$21,"未着手") | D15: =COUNTIFS(着手前検討事項チェックリスト!$B$5:$B$21,A15,着手前検討事項チェックリスト!$H$5:$H$21,"確認中") | E15: =COUNTIFS(着手前検討事項チェックリスト!$B$5:$B$21,A15,着手前検討事項チェックリスト!$H$5:$H$21,"発注者協議中") | F15: =COUNTIFS(着手前検討事項チェックリスト!$B$5:$B$21,A15,着手前検討事項チェックリスト!$H$5:$H$21,"完了")
A16: 書類関連 | B16: =COUNTIF(着手前検討事項チェックリスト!$B$5:$B$21,A16) | C16: =COUNTIFS(着手前検討事項チェックリスト!$B$5:$B$21,A16,着手前検討事項チェックリスト!$H$5:$H$21,"未着手") | D16: =COUNTIFS(着手前検討事項チェックリスト!$B$5:$B$21,A16,着手前検討事項チェックリスト!$H$5:$H$21,"確認中") | E16: =COUNTIFS(着手前検討事項チェックリスト!$B$5:$B$21,A16,着手前検討事項チェックリスト!$H$5:$H$21,"発注者協議中") | F16: =COUNTIFS(着手前検討事項チェックリスト!$B$5:$B$21,A16,着手前検討事項チェックリスト!$H$5:$H$21,"完了")
A17: 合計 | B17: =SUM(B4:B16) | C17: =SUM(C4:C16) | D17: =SUM(D4:D16) | E17: =SUM(E4:E16) | F17: =SUM(F4:F16)
A19: ※本シートの数値は「着手前検討事項チェックリスト」シートH列（状況）の入力に連動して自動更新されます。

Sheet 工区別数量一覧（参考）
A1: 工区別 主要数量一覧（数量計算書・本工事費内訳書より抜粋）
A3: 工区 | B3: 工種 | C3: 細別 | D3: 設計数量 | E3: 単位 | F3: 摘要
A4: 本工事1 （006宇川） | B4: 河川土工 | C4: 掘削（浚渫工区①下流側＋工区②上流側） | D4: 1400 | E4: m3 | F4: 工区①720m3＋工区②720m3、各L=200m
A5: 本工事1 （006宇川） | B5: 残土処理工 | C5: 残土処分（工区①） | D5: 740 | E5: m3 | F5: 計算値742m3
A6: 本工事1 （006宇川） | B6: 残土処理工 | C6: 残土処分（工区②） | D6: 690 | E6: m3 | F6: 計算値698m3、うち22m3は工区①へ運搬L=0.9km
A7: 本工事1 （006宇川） | B7: 仮設工 | C7: 工事用道路盛土（工区①のみ） | D7: 19 | E7: m3 | F7: 流用土
A8: 本工事1 （006宇川） | B8: 交通管理工 | C8: 交通誘導警備員 | D8: 14 | E8: 人日 | F8: 検定合格者不要
A9: 本工事2 （014(097)宇川） | B9: 河川土工 | C9: 掘削（浚渫北側＋浚渫南側） | D9: 1300 | E9: m3 | F9: 各L=200m
A10: 本工事2 （014(097)宇川） | B10: 残土処理工 | C10: 残土処分 | D10: 1340 | E10: m3 | F10: 伊根町処分場、L=12.5km
A11: 本工事2 （014(097)宇川） | B11: 交通管理工 | C11: 交通誘導警備員 | D11: 13 | E11: 人日 | F11: 検定合格者不要
A12: 合計延長（設計書より） | D12: 600 | E12: m | F12: 工事設計書（参考資料）記載値

Sheet 地元立会調整事項（工区別）
A1: 地元立会・地元調整が必要な事項
A2: 【重要】列に「◎」がある項目は、特記仕様書等により地元・漁協等との事前調整が施工の前提条件となっている最優先事項。
A4: 重要 | B4: 工区 | C4: 立会・調整が必要な事項 | D4: 内容 | E4: 相手方 | F4: 根拠
B5: 全工区 | C5: 工事着手前の地元立合 | D5: 「現場については、地元立合後に着手すること」と特記仕様書に明記。着手前工程に地元立会の日程を確保する必要がある。 | E5: 地元関係者 | F5: 特記仕様書2-1
A6: ◎ | B6: 全工区 （本工事1・2） | C6: 鮎の漁期・産卵期を避けた施工時期の漁協・地元調整 | D6: 鮎の漁期（4月～9月）・産卵期（10月～12月下旬）に重ならないよう、野間漁業協同組合・上宇川漁業協同組合、地元自治会と調整のうえ現場着手すること、と特記仕様書に明記。他の全ての地元立会・着手準備に先立ち、契約後直ちに最優先で調整に着手する必要がある（実質的な施工可能時期が限られるため）。 | E6: 野間漁業協同組合／上宇川漁業協同組合／地元自治会 | F6: 特記仕様書6-2（宇川の施工時期について）
B7: 全工区 | C7: 濁水発生に伴う河川利用者（漁業関係者含む）との事前調整 | D7: 浚渫は水中掘削となり濁水が発生するため、河川水等の利用者とトラブルがないよう事前に調整する。漁協との施工時期調整と合わせて実施すると効率的。 | E7: 河川利用者・漁業協同組合 | F7: 河川浚渫工事に関する特記事項（施工準備等）
B8: 本工事1 （006宇川） | C8: 工区②→工区①土砂運搬（L=0.9km）に伴う近隣周知（該当する場合） | D8: 工区②の残土の一部（22.0m3）を工区①側へ運搬する計画。運搬ルートが近隣を通行する場合は周知する。 | E8: 近隣住民 | F8: 数量計算書（本工事1）
B9: 全工区 | C9: 伊根町公共残土処分場での重機降り口・残土搬出位置の現地確認（調整漏れ） | D9: 処分場への重機の降り口及び残土の搬出位置が未調整。処分場管理者と現地で立会・確認し、進入経路・転回場所とあわせて決定する。 | E9: 伊根町（処分場管理者） | F9: 特記仕様書3-8／現場指摘による追加項目
